num_robot_dir;num_exp_file;numTotalIterations;numMaxIterationsReachGoal + numMaxIterationsExitGoal;numMsgs;numTotalIterationsReachGoal;numTotalIterationsExitGoal;numMaxIterationsReachGoal;numMaxIterationsExitGoal;numTotalStalls
100;0;687654;13633;0;657427;30227;13187;446;0
100;1;786569;15070;0;755750;30819;14508;562;0
100;10;629488;12426;0;598917;30571;11967;459;0
100;11;660281;13232;0;629893;30388;12817;415;0
100;12;640637;12547;0;610119;30518;12079;468;0
100;13;678608;12830;0;647941;30667;12332;498;0
100;14;691357;13189;0;660113;31244;12749;440;0
100;15;615621;12941;0;584632;30989;12454;487;0
100;16;647464;12902;0;616824;30640;12429;473;0
100;17;664320;12665;0;633594;30726;12236;429;0
100;18;596624;11813;0;565962;30662;11340;473;0
100;19;681295;12819;0;651110;30185;12413;406;0
100;2;725602;13519;0;694920;30682;13081;438;0
100;20;656944;13045;0;626609;30335;12633;412;0
100;21;636384;12582;0;605936;30448;12100;482;0
100;22;656709;13109;0;625941;30768;12635;474;0
100;23;697076;14538;0;666311;30765;14014;524;0
100;24;548146;11165;0;518077;30069;10704;461;0
100;25;658293;12301;0;627027;31266;11864;437;0
100;26;614808;12084;0;584364;30444;11644;440;0
100;27;647616;13061;0;617141;30475;12597;464;0
100;28;697032;13944;0;665964;31068;13481;463;0
100;29;620751;12697;0;590188;30563;12272;425;0
100;3;644833;12525;0;614353;30480;12085;440;0
100;30;810398;15126;0;779530;30868;14692;434;0
100;31;667640;13261;0;636883;30757;12792;469;0
100;32;747167;14282;0;716286;30881;13812;470;0
100;33;727046;14520;0;696855;30191;14097;423;0
100;34;692560;13068;0;662043;30517;12631;437;0
100;35;692768;13479;0;662254;30514;13011;468;0
100;36;652546;12957;0;621079;31467;12436;521;0
100;37;721762;14126;0;691367;30395;13721;405;0
100;38;657054;13314;0;626645;30409;12892;422;0
100;39;611086;11909;0;580682;30404;11459;450;0
100;4;734539;14047;0;703810;30729;13575;472;0
100;5;671724;12913;0;641436;30288;12413;500;0
100;6;671027;12993;0;640562;30465;12549;444;0
100;7;651127;13179;0;620567;30560;12697;482;0
100;8;614493;11951;0;584417;30076;11509;442;0
100;9;708887;14070;0;678250;30637;13618;452;0
120;0;869774;14360;0;830085;39689;13903;457;0
120;1;1005523;15836;0;965464;40059;15325;511;0
120;10;919146;15454;0;878933;40213;15008;446;0
120;11;876438;14984;0;836701;39737;14480;504;0
120;12;1022412;16047;0;982659;39753;15589;458;0
120;13;999203;16491;0;959515;39688;15985;506;0
120;14;872837;14653;0;832936;39901;14142;511;0
120;15;887478;14562;0;846975;40503;14113;449;0
120;16;1012513;16825;0;972412;40101;16374;451;0
120;17;954810;15830;0;914805;40005;15240;590;0
120;18;905620;14502;0;865356;40264;13966;536;0
120;19;935244;15964;0;894249;40995;15465;499;0
120;2;850648;14014;0;810714;39934;13492;522;0
120;20;1130501;17464;0;1089590;40911;16878;586;0
120;21;1009218;15932;0;969090;40128;15385;547;0
120;22;944529;15664;0;903823;40706;15199;465;0
120;23;911293;14954;0;871775;39518;14491;463;0
120;24;1107337;17568;0;1067181;40156;17107;461;1
120;25;1011034;16449;0;970683;40351;15917;532;0
120;26;873864;15111;0;833676;40188;14608;503;0
120;27;1138814;17416;0;1099473;39341;16951;465;0
120;28;899869;15214;0;860094;39775;14729;485;0
120;29;896200;14502;0;856093;40107;13936;566;0
120;3;864514;14480;0;824267;40247;13948;532;0
120;30;953325;15646;0;913812;39513;15156;490;0
120;31;932672;15030;0;893396;39276;14583;447;0
120;32;1032094;15949;0;992029;40065;15331;618;0
120;33;958642;15586;0;918991;39651;15118;468;0
120;34;941563;15470;0;901692;39871;14987;483;0
120;35;887886;14262;0;847708;40178;13714;548;0
120;36;901544;15740;0;861507;40037;15230;510;0
120;37;893510;14512;0;854171;39339;14059;453;0
120;38;952488;16571;0;912628;39860;16031;540;0
120;39;929382;14928;0;889677;39705;14443;485;0
120;4;940837;15361;0;900218;40619;14795;566;0
120;5;930427;16182;0;890515;39912;15641;541;0
120;6;954564;15810;0;914526;40038;15343;467;0
120;7;896153;14807;0;856722;39431;14307;500;0
120;8;884477;14724;0;844790;39687;14132;592;0
120;9;1043545;15982;0;1004033;39512;15538;444;0
140;0;1162516;17333;0;1111923;50593;16779;554;0
140;1;1271257;17679;0;1221187;50070;17161;518;0
140;10;1205951;17316;0;1155244;50707;16788;528;0
140;11;1330758;18536;0;1280339;50419;17953;583;0
140;12;1327742;18889;0;1277130;50612;18320;569;0
140;13;1378832;19246;0;1328466;50366;18724;522;0
140;14;1328367;18550;0;1277975;50392;18007;543;0
140;15;1153240;16554;0;1103659;49581;16011;543;0
140;16;1241057;17426;0;1190437;50620;16899;527;0
140;17;1238909;18089;0;1188750;50159;17542;547;0
140;18;1439974;19171;0;1390228;49746;18628;543;0
140;19;1253271;17716;0;1203695;49576;17162;554;0
140;2;1200471;16629;0;1150332;50139;16048;581;0
140;20;1215130;17422;0;1164835;50295;16904;518;0
140;21;1193813;17482;0;1143161;50652;16892;590;0
140;22;1100539;16349;0;1051001;49538;15855;494;0
140;23;1249000;17617;0;1199071;49929;17051;566;0
140;24;1394731;18859;0;1344125;50606;18288;571;0
140;25;1402280;18937;0;1352844;49436;18448;489;0
140;26;1263223;18749;0;1212873;50350;18160;589;0
140;27;1298289;18356;0;1248322;49967;17840;516;0
140;28;1292896;18400;0;1242982;49914;17853;547;0
140;29;1301295;17910;0;1251618;49677;17383;527;0
140;3;1287450;18518;0;1237082;50368;17938;580;0
140;30;1293524;18406;0;1243443;50081;17902;504;0
140;31;1267642;18211;0;1218006;49636;17602;609;0
140;32;1226096;16612;0;1176943;49153;16091;521;0
140;33;1191761;16838;0;1142057;49704;16269;569;0
140;34;1252120;17537;0;1202193;49927;16843;694;0
140;35;1429853;19294;0;1379602;50251;18622;672;0
140;36;1202434;17007;0;1152509;49925;16460;547;0
140;37;1582804;19792;0;1532471;50333;19281;511;0
140;38;1327177;17844;0;1277060;50117;17268;576;0
140;39;1268365;18088;0;1218037;50328;17545;543;0
140;4;1280517;18084;0;1229928;50589;17439;645;0
140;5;1221327;17630;0;1171630;49697;17051;579;0
140;6;1275000;17644;0;1224657;50343;17040;604;0
140;7;1281403;18071;0;1231136;50267;17489;582;0
140;8;1330695;19063;0;1280618;50077;18562;501;0
140;9;1324924;17806;0;1275057;49867;17277;529;0
160;0;1625938;20516;0;1564668;61270;19905;611;0
160;1;1760253;21414;0;1698394;61859;20825;589;0
160;10;1499417;18953;0;1439068;60349;18425;528;0
160;11;1631762;20183;0;1571360;60402;19596;587;0
160;12;1706401;21074;0;1644475;61926;20490;584;0
160;13;1503804;18710;0;1443473;60331;18102;608;0
160;14;1731991;21513;0;1671572;60419;20944;569;0
160;15;1663127;20734;0;1601653;61474;20115;619;0
160;16;1821863;21829;0;1760660;61203;21297;532;0
160;17;1757761;20896;0;1696486;61275;20353;543;0
160;18;1624161;19366;0;1563430;60731;18809;557;0
160;19;1621840;20173;0;1560784;61056;19595;578;0
160;2;1579964;19904;0;1519066;60898;19338;566;0
160;20;1726666;21015;0;1665703;60963;20461;554;0
160;21;1686504;21069;0;1625776;60728;20281;788;0
160;22;1792789;22373;0;1730438;62351;21740;633;0
160;23;1735812;21279;0;1675134;60678;20668;611;0
160;24;1543245;19093;0;1481945;61300;18538;555;0
160;25;1749285;21456;0;1687805;61480;20820;636;0
160;26;1676231;20405;0;1614561;61670;19860;545;0
160;27;1612739;20165;0;1553166;59573;19592;573;0
160;28;1629587;21017;0;1568944;60643;20419;598;0
160;29;1748886;20135;0;1687702;61184;19576;559;0
160;3;1813139;22474;0;1751667;61472;21795;679;0
160;30;1701594;20639;0;1639849;61745;19996;643;0
160;31;1763406;22350;0;1701832;61574;21774;576;0
160;32;1756306;20866;0;1695159;61147;20272;594;0
160;33;1684519;21023;0;1623643;60876;20305;718;0
160;34;1649963;19778;0;1589086;60877;19199;579;0
160;35;1610762;20020;0;1549588;61174;19429;591;0
160;36;1699342;21054;0;1638589;60753;20495;559;0
160;37;1673189;20670;0;1611520;61669;20068;602;0
160;38;1608591;20170;0;1547762;60829;19632;538;0
160;39;1605306;19681;0;1544560;60746;19121;560;0
160;4;1731937;20822;0;1669357;62580;20217;605;0
160;5;1576436;19355;0;1515987;60449;18699;656;0
160;6;1684078;20864;0;1623252;60826;20228;636;0
160;7;1760116;21306;0;1698589;61527;20604;702;1
160;8;1604395;20051;0;1544093;60302;19505;546;0
160;9;1632496;20041;0;1570943;61553;19446;595;0
180;0;2166414;22906;0;2094571;71843;22244;662;0
180;1;2120919;23545;0;2048008;72911;22881;664;0
180;10;2074420;23121;0;2001951;72469;22510;611;0
180;11;2187453;23400;0;2113735;73718;22766;634;0
180;12;2042364;21955;0;1969674;72690;21305;650;0
180;13;1952172;21342;0;1880231;71941;20656;686;0
180;14;2112220;24094;0;2038883;73337;23461;633;0
180;15;2141218;23383;0;2069240;71978;22788;595;0
180;16;2018729;22491;0;1946763;71966;21886;605;0
180;17;1995583;22724;0;1923414;72169;22148;576;0
180;18;2178148;23792;0;2105866;72282;23211;581;0
180;19;2206696;23724;0;2134462;72234;23087;637;0
180;2;1943660;21787;0;1871431;72229;21186;601;0
180;20;2237998;24515;0;2165471;72527;23906;609;0
180;21;1951705;22485;0;1880297;71408;21832;653;0
180;22;2208364;23317;0;2135458;72906;22723;594;0
180;23;1973591;22181;0;1900383;73208;21517;664;0
180;24;2036604;22899;0;1964527;72077;22232;667;0
180;25;2191008;23470;0;2117791;73217;22870;600;0
180;26;2076198;21845;0;2004924;71274;21290;555;0
180;27;1951992;21102;0;1880235;71757;20554;548;0
180;28;2063571;21913;0;1992138;71433;21306;607;0
180;29;2257200;24116;0;2185336;71864;23497;619;0
180;3;2307550;24037;0;2235132;72418;23428;609;1
180;30;2034124;22571;0;1961536;72588;21952;619;0
180;31;2048008;21778;0;1976858;71150;21165;613;0
180;32;2302743;24211;0;2230218;72525;23644;567;0
180;33;2037273;23070;0;1964639;72634;22337;733;0
180;34;2125017;23428;0;2051965;73052;22841;587;0
180;35;2019090;23090;0;1946447;72643;22493;597;0
180;36;2030691;22502;0;1959143;71548;21853;649;0
180;37;2131661;23301;0;2059063;72598;22726;575;0
180;38;2124830;22653;0;2052275;72555;22005;648;0
180;39;1981844;22395;0;1907561;74283;21670;725;0
180;4;2056735;22657;0;1984163;72572;22090;567;0
180;5;2024442;22598;0;1951957;72485;21875;723;0
180;6;1991249;21687;0;1918994;72255;21059;628;0
180;7;2190521;23512;0;2117193;73328;22859;653;0
180;8;2138956;22968;0;2066421;72535;22292;676;0
180;9;2111244;23202;0;2038519;72725;22528;674;0
20;0;35228;3571;0;31991;3237;3351;220;0
20;1;40075;3627;0;36966;3109;3398;229;0
20;10;40855;3732;0;37689;3166;3488;244;0
20;11;38291;3226;0;35160;3131;2961;265;0
20;12;35085;3058;0;32092;2993;2847;211;0
20;13;35319;3091;0;32270;3049;2876;215;0
20;14;38931;3518;0;35689;3242;3277;241;0
20;15;38931;3518;0;35689;3242;3277;241;0
20;16;39739;3559;0;36693;3046;3355;204;0
20;17;34172;3077;0;31052;3120;2840;237;0
20;18;34225;3119;0;31162;3063;2862;257;0
20;19;38031;3401;0;34896;3135;3187;214;0
20;2;35912;3282;0;32633;3279;3013;269;0
20;20;35090;3009;0;31948;3142;2767;242;0
20;21;36297;3176;0;33035;3262;2925;251;0
20;22;37483;3328;0;34437;3046;3133;195;0
20;23;40222;3411;0;37170;3052;3196;215;0
20;24;35907;3055;0;32727;3180;2765;290;0
20;25;41173;3610;0;38126;3047;3370;240;0
20;26;44233;3832;0;41008;3225;3599;233;0
20;27;40288;3214;0;37272;3016;2974;240;0
20;28;41173;3610;0;38126;3047;3370;240;0
20;29;43086;3662;0;39871;3215;3441;221;0
20;3;44780;3903;0;41607;3173;3604;299;0
20;30;36359;3071;0;33250;3109;2863;208;0
20;31;41844;3573;0;38734;3110;3354;219;0
20;32;37508;3559;0;34517;2991;3338;221;0
20;33;40563;3754;0;37456;3107;3525;229;0
20;34;35944;3102;0;32881;3063;2897;205;0
20;35;30885;2632;0;27914;2971;2428;204;0
20;36;36379;3138;0;33444;2935;2904;234;0
20;37;37606;3204;0;34404;3202;2981;223;0
20;38;36701;3481;0;33600;3101;3277;204;0
20;39;34762;3002;0;31488;3274;2751;251;0
20;4;38445;3245;0;35217;3228;3004;241;0
20;5;38931;3518;0;35689;3242;3277;241;0
20;6;38931;3518;0;35689;3242;3277;241;0
20;7;36789;3499;0;33679;3110;3258;241;0
20;8;35085;3058;0;32092;2993;2847;211;0
20;9;38931;3518;0;35689;3242;3277;241;0
200;0;2716557;26802;0;2632369;84188;25970;832;0
200;1;2532209;24933;0;2447577;84632;24299;634;0
200;10;2453068;25045;0;2369771;83297;24395;650;0
200;11;2575461;25291;0;2491140;84321;24581;710;0
200;12;2827026;27733;0;2742064;84962;26935;798;0
200;13;2494453;24739;0;2410639;83814;24154;585;0
200;14;2449584;23973;0;2365231;84353;23296;677;0
200;15;2467112;25464;0;2381677;85435;24675;789;0
200;16;2440192;23889;0;2355426;84766;23195;694;0
200;17;2816141;26002;0;2731505;84636;25265;737;0
200;18;2583380;25543;0;2498533;84847;24906;637;0
200;19;2617117;26279;0;2531900;85217;25619;660;0
200;2;2655249;25537;0;2571571;83678;24885;652;0
200;20;2672872;26027;0;2589427;83445;25439;588;0
200;21;2569714;25196;0;2485308;84406;24542;654;0
200;22;2598161;25424;0;2512768;85393;24736;688;0
200;23;2587244;25370;0;2503088;84156;24694;676;0
200;24;2516453;25120;0;2431214;85239;24484;636;0
200;25;2662994;25898;0;2580086;82908;25293;605;0
200;26;2614813;26066;0;2529138;85675;25436;630;0
200;27;2612768;25609;0;2527713;85055;24839;770;0
200;28;2626050;25079;0;2541655;84395;24488;591;0
200;29;2762701;27690;0;2678079;84622;27066;624;0
200;3;2583428;25933;0;2498922;84506;25283;650;0
200;30;2373779;23187;0;2290275;83504;22555;632;0
200;31;2393932;24839;0;2309386;84546;24096;743;0
200;32;2412872;23330;0;2327316;85556;22651;679;0
200;33;2634789;25584;0;2549109;85680;24804;780;0
200;34;2791824;26508;0;2706119;85705;25891;617;0
200;35;2592077;25591;0;2508028;84049;25019;572;0
200;36;2784728;27009;0;2699684;85044;26338;671;0
200;37;2652409;24898;0;2568430;83979;24228;670;0
200;38;2886841;25943;0;2803068;83773;25354;589;0
200;39;2669181;25897;0;2585219;83962;25245;652;0
200;4;2732089;27067;0;2647308;84781;26452;615;0
200;5;2508412;25009;0;2424418;83994;24354;655;0
200;6;2573875;25120;0;2488746;85129;24437;683;0
200;7;2925009;27004;0;2840641;84368;26406;598;0
200;8;2522987;24693;0;2436974;86013;23977;716;0
200;9;2797386;27312;0;2711397;85989;26609;703;0
220;0;3012982;27472;0;2915520;97462;26746;726;0
220;1;3248384;28443;0;3151358;97026;27761;682;0
220;10;3529016;31780;0;3431037;97979;31041;739;0
220;11;3303547;28816;0;3206084;97463;28001;815;0
220;12;3684107;30125;0;3587662;96445;29436;689;0
220;13;3031715;26972;0;2934631;97084;26309;663;0
220;14;3024277;26701;0;2926754;97523;26011;690;0
220;15;3090092;26610;0;2992761;97331;25992;618;0
220;16;3125449;28104;0;3028572;96877;27382;722;0
220;17;3323028;28172;0;3226149;96879;27508;664;0
220;18;2992911;27718;0;2895423;97488;27002;716;0
220;19;3248291;28807;0;3150456;97835;28094;713;0
220;2;3551519;30341;0;3454028;97491;29706;635;0
220;20;3341624;28929;0;3244512;97112;28243;686;0
220;21;3156182;27516;0;3058966;97216;26895;621;0
220;22;3133754;27630;0;3035951;97803;26953;677;0
220;23;3089041;27325;0;2992592;96449;26531;794;0
220;24;3107479;28122;0;3009795;97684;27415;707;0
220;25;3096218;27980;0;2998747;97471;27337;643;0
220;26;3413943;28775;0;3316794;97149;28046;729;0
220;27;3281598;29264;0;3183692;97906;28557;707;0
220;28;2843103;26576;0;2745205;97898;25826;750;0
220;29;3317676;29162;0;3221030;96646;28392;770;0
220;3;3027199;26735;0;2930886;96313;26078;657;0
220;30;3385985;29617;0;3288327;97658;28985;632;0
220;31;2901734;26825;0;2803795;97939;26059;766;0
220;32;3112466;26517;0;3014666;97800;25882;635;0
220;33;3263558;28532;0;3164455;99103;27778;754;0
220;34;3253081;28366;0;3156005;97076;27673;693;0
220;35;3277833;28702;0;3180263;97570;27917;785;0
220;36;3209917;28522;0;3112608;97309;27800;722;0
220;37;3293949;29007;0;3196867;97082;28334;673;0
220;38;3239893;28598;0;3143192;96701;27961;637;0
220;39;3229744;28456;0;3133217;96527;27781;675;0
220;4;3100227;27853;0;3003204;97023;27173;680;0
220;5;3228541;28206;0;3131607;96934;27487;719;0
220;6;3151281;27777;0;3054221;97060;27105;672;0
220;7;3088351;28033;0;2990405;97946;27276;757;0
220;8;3166226;27768;0;3069402;96824;27121;647;0
220;9;3332310;29429;0;3234756;97554;28805;624;0
240;0;3565829;28706;0;3455628;110201;27899;807;0
240;1;3591188;29550;0;3478817;112371;28869;681;0
240;10;3936265;31534;0;3825087;111178;30732;802;0
240;11;4125874;31979;0;4013939;111935;31088;891;0
240;12;3544741;28462;0;3433817;110924;27780;682;0
240;13;3889962;31785;0;3779354;110608;31122;663;0
240;14;3731226;30294;0;3620510;110716;29634;660;0
240;15;3561979;29500;0;3451788;110191;28808;692;0
240;16;3633644;29425;0;3523562;110082;28717;708;0
240;17;3708560;29787;0;3597678;110882;29108;679;0
240;18;3439321;28091;0;3329575;109746;27410;681;0
240;19;3669360;30486;0;3557491;111869;29732;754;0
240;2;3827083;31393;0;3716903;110180;30511;882;0
240;20;3695848;29903;0;3585010;110838;29091;812;0
240;21;3757659;30125;0;3647293;110366;29483;642;0
240;22;3842767;29890;0;3732289;110478;29200;690;0
240;23;3804850;30334;0;3693893;110957;29578;756;0
240;24;3807458;31599;0;3696587;110871;30890;709;0
240;25;3928514;32118;0;3818539;109975;31492;626;0
240;26;3664430;30191;0;3552277;112153;29520;671;1
240;27;3691999;28895;0;3581566;110433;28035;860;0
240;28;3923921;32187;0;3813082;110839;31557;630;0
240;29;3515049;28040;0;3405136;109913;27355;685;0
240;3;3541470;28521;0;3431135;110335;27826;695;0
240;31;3861706;30834;0;3750694;111012;30023;811;0
240;32;4069677;32269;0;3958819;110858;31498;771;0
240;33;3806528;31836;0;3695559;110969;31095;741;0
240;34;3831647;30613;0;3720335;111312;29839;774;0
240;35;3563790;29590;0;3452281;111509;28854;736;0
240;36;3698284;30626;0;3588260;110024;29951;675;0
240;37;3731313;30696;0;3620323;110990;29889;807;0
240;38;3821446;30641;0;3710319;111127;29878;763;0
240;39;4126654;31661;0;4015983;110671;30927;734;0
240;4;3856624;31928;0;3747138;109486;31264;664;0
240;5;3789721;30614;0;3679317;110404;29901;713;0
240;6;3855404;32222;0;3744749;110655;31435;787;0
240;7;3532243;28661;0;3422130;110113;27976;685;0
240;8;3922079;31699;0;3811905;110174;30989;710;0
240;9;4125487;32172;0;4014639;110848;31517;655;0
260;0;4458210;32753;0;4331913;126297;32021;732;0
260;1;4334188;32186;0;4210668;123520;31277;909;0
260;10;4547863;34655;0;4423806;124057;33951;704;0
260;11;4778425;35012;0;4653765;124660;34277;735;0
260;12;4126143;30867;0;4001718;124425;30096;771;0
260;13;4001050;30482;0;3876979;124071;29669;813;0
260;14;4321825;32605;0;4196231;125594;31734;871;0
260;15;4362102;33954;0;4238537;123565;33136;818;0
260;16;4336527;31893;0;4212584;123943;31212;681;0
260;17;4504407;34863;0;4379270;125137;34077;786;0
260;18;4099323;31310;0;3975569;123754;30613;697;0
260;19;4442738;34208;0;4317176;125562;33411;797;0
260;2;4543081;34350;0;4418532;124549;33646;704;0
260;20;4652193;34094;0;4527918;124275;33456;638;0
260;21;4088079;31092;0;3963248;124831;30290;802;0
260;22;4717693;35702;0;4591182;126511;34840;862;0
260;23;4382869;33306;0;4257270;125599;32502;804;0
260;24;4170572;31843;0;4046731;123841;31120;723;0
260;25;4566162;34172;0;4441233;124929;33357;815;0
260;26;4336405;31774;0;4213487;122918;31072;702;0
260;27;4174542;31799;0;4050237;124305;31071;728;0
260;28;4433011;32839;0;4308723;124288;32066;773;0
260;29;4334236;32329;0;4209857;124379;31516;813;0
260;3;4252115;32028;0;4127590;124525;31274;754;0
260;30;4716304;34618;0;4592082;124222;33890;728;0
260;31;4364850;33862;0;4240945;123905;33082;780;0
260;32;4173979;31411;0;4049771;124208;30664;747;0
260;33;4640911;34251;0;4516612;124299;33537;714;0
260;34;4728282;35758;0;4602496;125786;34861;897;0
260;35;4690696;34646;0;4566041;124655;33910;736;0
260;36;4302686;33620;0;4179397;123289;32835;785;0
260;38;4301117;32043;0;4176173;124944;31211;832;0
260;39;4596285;33897;0;4472137;124148;33179;718;0
260;4;4242592;31471;0;4118905;123687;30719;752;0
260;5;4363816;31445;0;4239836;123980;30716;729;0
260;6;4642530;34739;0;4518927;123603;33976;763;0
260;7;4263745;32783;0;4139100;124645;32062;721;0
260;8;4249621;32130;0;4125213;124408;31419;711;0
260;9;4509161;33499;0;4384603;124558;32743;756;0
280;0;5432621;36910;0;5293584;139037;36193;717;0
280;1;5456020;38347;0;5316954;139066;37572;775;0
280;10;4958121;34445;0;4820699;137422;33713;732;0
280;11;5366470;35631;0;5225797;140673;34730;901;0
280;12;4681330;33769;0;4542386;138944;33029;740;0
280;13;4974460;35225;0;4835108;139352;34385;840;0
280;14;5336983;37643;0;5196981;140002;36807;836;0
280;15;5595812;38917;0;5455339;140473;38191;726;0
280;16;5551893;38680;0;5411170;140723;37811;869;0
280;17;5005252;35466;0;4867305;137947;34671;795;0
280;18;5092324;36687;0;4952693;139631;35910;777;0
280;19;5195647;36509;0;5056907;138740;35716;793;0
280;2;5916354;39255;0;5777313;139041;38518;737;0
280;20;4960634;34073;0;4821869;138765;33260;813;0
280;21;5090262;35235;0;4951501;138761;34433;802;0
280;22;5235992;36914;0;5098490;137502;36170;744;0
280;23;5231325;36628;0;5092577;138748;35722;906;0
280;24;5180727;37163;0;5040615;140112;36380;783;0
280;25;5241967;36608;0;5103028;138939;35869;739;0
280;26;5100355;36166;0;4960443;139912;35314;852;0
280;27;4938583;34834;0;4799263;139320;34014;820;0
280;28;5195858;37446;0;5055739;140119;36613;833;0
280;29;4863821;34649;0;4723788;140033;33826;823;0
280;3;5043647;34764;0;4904472;139175;33880;884;0
280;30;4962827;34197;0;4825211;137616;33467;730;0
280;31;5364166;35860;0;5224469;139697;35124;736;0
280;32;5072467;34521;0;4933722;138745;33799;722;0
280;33;5617544;37697;0;5479115;138429;36986;711;0
280;34;5426758;37452;0;5287771;138987;36699;753;0
280;35;5006347;35788;0;4866548;139799;34864;924;0
280;36;5217290;35477;0;5077623;139667;34750;727;0
280;37;5011582;35140;0;4871966;139616;34350;790;0
280;38;5024127;34989;0;4884733;139394;34249;740;0
280;39;5704358;37633;0;5565060;139298;36935;698;0
280;4;5434369;37881;0;5295739;138630;37121;760;0
280;5;4758797;33683;0;4620170;138627;32937;746;0
280;6;4852749;34928;0;4714790;137959;34061;867;0
280;7;5082382;35166;0;4943287;139095;34362;804;0
280;8;5184061;35979;0;5043934;140127;35185;794;0
280;9;5266141;36504;0;5127894;138247;35808;696;0
300;0;6169534;39855;0;6015061;154473;39115;740;0
300;1;6331844;40070;0;6178501;153343;39368;702;0
300;10;5615637;36887;0;5461903;153734;35998;889;0
300;11;6126140;39939;0;5973204;152936;39186;753;0
300;12;5939904;39107;0;5786253;153651;38351;756;0
300;13;6146544;39784;0;5993053;153491;39008;776;0
300;14;5479160;37012;0;5324513;154647;36205;807;0
300;15;6583971;40864;0;6429252;154719;40066;798;0
300;16;5619747;36397;0;5466325;153422;35633;764;0
300;17;6102464;39101;0;5947437;155027;38328;773;0
300;18;6486747;40943;0;6332981;153766;40111;832;0
300;19;5682632;36965;0;5528887;153745;36133;832;0
300;2;6139273;39670;0;5985854;153419;38945;725;0
300;20;6422382;40585;0;6268986;153396;39731;854;0
300;21;6012289;39166;0;5858726;153563;38456;710;1
300;22;5360400;35722;0;5207638;152762;34962;760;0
300;23;6116233;39963;0;5961277;154956;39179;784;0
300;24;5582208;37518;0;5428496;153712;36732;786;0
300;25;5893219;38139;0;5740298;152921;37422;717;0
300;26;5711292;37238;0;5557471;153821;36441;797;0
300;27;6072830;38376;0;5919706;153124;37654;722;0
300;28;6030869;38387;0;5876296;154573;37552;835;0
300;29;5682694;36618;0;5529276;153418;35843;775;0
300;3;5989986;42068;0;5837174;152812;41331;737;0
300;30;5672436;36940;0;5515777;156659;36035;905;0
300;31;6113658;39596;0;5959626;154032;38859;737;0
300;32;5878641;37910;0;5724879;153762;37021;889;0
300;33;5990595;38487;0;5837191;153404;37639;848;0
300;34;6129173;39914;0;5975981;153192;39099;815;0
300;35;5603315;37398;0;5449248;154067;36590;808;0
300;36;5795165;38061;0;5639823;155342;37311;750;0
300;37;6023632;40069;0;5868782;154850;39294;775;0
300;38;6415544;40180;0;6261841;153703;39409;771;0
300;39;5634746;37459;0;5480803;153943;36620;839;0
300;4;6339693;40448;0;6186160;153533;39601;847;0
300;5;5460290;38531;0;5307638;152652;37742;789;0
300;6;5870944;39412;0;5717347;153597;38630;782;0
300;7;6011586;38802;0;5858360;153226;38073;729;0
300;8;6317650;40490;0;6164054;153596;39620;870;0
300;9;6074501;39449;0;5919369;155132;38685;764;0
320;0;7094923;42356;0;6924972;169951;41645;711;0
320;1;6918430;40434;0;6748734;169696;39671;763;0
320;10;6645865;40388;0;6476963;168902;39584;804;0
320;11;7044397;41951;0;6874242;170155;41114;837;0
320;12;6268985;39137;0;6099746;169239;38317;820;0
320;13;6768091;41648;0;6599615;168476;40847;801;0
320;14;7240565;42020;0;7071107;169458;41037;983;0
320;15;7514070;42681;0;7345610;168460;41900;781;0
320;16;6596573;39726;0;6428439;168134;38936;790;0
320;17;7070253;41615;0;6901309;168944;40798;817;0
320;18;6695685;40837;0;6526912;168773;39982;855;0
320;19;7126349;42514;0;6956594;169755;41653;861;0
320;2;7367436;42230;0;7196695;170741;41432;798;0
320;20;6766351;41073;0;6597305;169046;40063;1010;0
320;21;6644121;41100;0;6474313;169808;40162;938;0
320;22;7086395;42009;0;6915378;171017;41157;852;0
320;23;6505046;40262;0;6335435;169611;39463;799;0
320;24;6966380;41549;0;6796509;169871;40677;872;0
320;25;6870396;41592;0;6702368;168028;40705;887;0
320;26;7002287;43440;0;6831807;170480;42568;872;0
320;27;6781180;40978;0;6611652;169528;40125;853;0
320;28;6351281;39458;0;6182616;168665;38726;732;0
320;29;6663742;40870;0;6494339;169403;40041;829;0
320;3;7237439;42863;0;7066969;170470;41855;1008;0
320;30;6564430;40176;0;6393990;170440;39184;992;0
320;31;6903144;41176;0;6733445;169699;40217;959;0
320;32;7016865;42252;0;6846312;170553;41505;747;0
320;33;6950670;42856;0;6779795;170875;41945;911;0
320;34;6642461;40019;0;6473288;169173;39202;817;0
320;35;6703337;39932;0;6534791;168546;39017;915;0
320;36;7093637;41668;0;6922729;170908;40882;786;0
320;37;5857566;37742;0;5689460;168106;36997;745;0
320;38;7006551;41443;0;6836711;169840;40576;867;0
320;39;7094643;42425;0;6925363;169280;41649;776;0
320;4;7009271;41150;0;6839302;169969;40271;879;0
320;5;7170901;42954;0;7001110;169791;42191;763;0
320;6;6631993;40343;0;6462910;169083;39534;809;0
320;7;6689348;40634;0;6520354;168994;39919;715;0
320;8;6857880;41137;0;6689349;168531;40319;818;0
320;9;6572609;41231;0;6402377;170232;40352;879;0
340;0;6550855;39449;0;6366523;184332;38608;841;0
340;1;7480274;42755;0;7296241;184033;41931;824;0
340;10;8305603;46465;0;8119884;185719;45550;915;0
340;11;7503079;42049;0;7317907;185172;41266;783;0
340;12;7400190;42252;0;7217203;182987;41325;927;0
340;13;7946284;43879;0;7760602;185682;43095;784;0
340;14;8299580;45686;0;8114534;185046;44927;759;0
340;15;7751101;44176;0;7565580;185521;43364;812;0
340;16;7608393;43514;0;7423516;184877;42712;802;0
340;17;7806772;43532;0;7620706;186066;42565;967;0
340;18;7961977;44765;0;7777864;184113;43830;935;0
340;19;7998145;44450;0;7813314;184831;43650;800;0
340;2;7702709;44455;0;7518082;184627;43653;802;0
340;20;7820991;44062;0;7635618;185373;43240;822;0
340;21;8167750;45502;0;7983474;184276;44618;884;0
340;22;8524940;46772;0;8339889;185051;45956;816;0
340;23;7118210;41983;0;6932851;185359;41226;757;0
340;24;7122991;42073;0;6937760;185231;41166;907;0
340;25;8027808;45319;0;7843462;184346;44438;881;0
340;26;7902799;44067;0;7717598;185201;43193;874;0
340;27;7815282;43288;0;7630412;184870;42423;865;0
340;28;7462292;42872;0;7275759;186533;41992;880;0
340;29;8285369;45889;0;8098951;186418;45124;765;0
340;3;8521503;45891;0;8336431;185072;45006;885;0
340;30;7737577;45045;0;7553370;184207;44261;784;0
340;31;8018501;44138;0;7834347;184154;43390;748;0
340;32;8715927;46728;0;8530192;185735;45909;819;0
340;33;7808682;43246;0;7623492;185190;42378;868;0
340;34;8745633;48122;0;8560462;185171;47350;772;0
340;35;7745804;43404;0;7560864;184940;42606;798;0
340;36;8164106;45225;0;7979639;184467;44354;871;0
340;37;7133281;41542;0;6949895;183386;40731;811;0
340;38;7590383;43280;0;7405029;185354;42501;779;0
340;39;8201703;45507;0;8015394;186309;44738;769;0
340;4;7053732;41635;0;6869147;184585;40725;910;0
340;5;8482584;46903;0;8297194;185390;46066;837;0
340;6;7988308;45118;0;7804219;184089;44259;859;0
340;7;7618294;42816;0;7433358;184936;41873;943;0
340;8;7489163;43008;0;7304897;184266;42227;781;0
340;9;8114730;45195;0;7928543;186187;44256;939;0
360;0;8801085;47788;0;8598538;202547;46918;870;0
360;1;8691075;48162;0;8487938;203137;47190;972;0
360;10;8935775;46838;0;8734980;200795;46058;780;0
360;11;9269520;50465;0;9067415;202105;49671;794;0
360;12;8522370;45440;0;8319394;202976;44649;791;0
360;13;9032372;48569;0;8829599;202773;47616;953;0
360;14;9017507;47690;0;8815668;201839;46834;856;0
360;15;8761806;46559;0;8559016;202790;45665;894;0
360;16;8746869;46246;0;8543523;203346;45427;819;0
360;17;8847225;47977;0;8644418;202807;47151;826;0
360;18;9094924;47497;0;8892148;202776;46580;917;0
360;19;9117393;46634;0;8913834;203559;45618;1016;0
360;2;8386084;45246;0;8184813;201271;44272;974;0
360;20;8467086;45220;0;8266082;201004;44319;901;0
360;21;8960928;47625;0;8759582;201346;46736;889;0
360;22;9163929;47542;0;8961995;201934;46653;889;0
360;23;9177919;47890;0;8975800;202119;47034;856;0
360;24;8503677;45970;0;8301068;202609;45099;871;0
360;25;9447497;49179;0;9244714;202783;48167;1012;0
360;26;8775549;47155;0;8573816;201733;46311;844;0
360;27;8553767;46488;0;8351771;201996;45634;854;0
360;28;8685473;45327;0;8483624;201849;44519;808;0
360;29;8925522;46645;0;8722620;202902;45828;817;0
360;3;8651401;46282;0;8448673;202728;45376;906;0
360;30;8549984;45588;0;8348020;201964;44761;827;0
360;31;9572478;48461;0;9369335;203143;47493;968;0
360;32;8446177;44613;0;8244311;201866;43731;882;0
360;33;8103517;44516;0;7902534;200983;43736;780;0
360;34;9434637;50324;0;9232094;202543;49425;899;0
360;35;8298888;45256;0;8097118;201770;44415;841;0
360;36;8183528;44597;0;7979133;204395;43665;932;0
360;37;8304126;44817;0;8102116;202010;43882;935;0
360;38;8270554;43983;0;8068327;202227;43087;896;0
360;39;8721130;46913;0;8518549;202581;46044;869;0
360;4;9079806;49182;0;8877504;202302;48338;844;0
360;5;8403940;44776;0;8203130;200810;43896;880;0
360;6;9174274;48624;0;8971382;202892;47628;996;0
360;7;7947710;43782;0;7745118;202592;42869;913;0
360;8;8808460;46894;0;8607621;200839;46068;826;0
360;9;8714497;47591;0;8512355;202142;46714;877;0
380;0;9307658;46836;0;9089781;217877;45961;875;0
380;1;10658165;53334;0;10439415;218750;52393;941;0
380;10;10078673;50842;0;9858821;219852;49929;913;0
380;11;10498770;51425;0;10278928;219842;50509;916;0
380;12;9471353;47121;0;9253721;217632;46253;868;0
380;13;9682253;49479;0;9462612;219641;48610;869;0
380;14;10364892;51245;0;10145974;218918;50390;855;0
380;15;9867029;49681;0;9649558;217471;48811;870;0
380;16;9948839;49648;0;9729213;219626;48770;878;0
380;17;9081541;47033;0;8862830;218711;46121;912;0
380;18;10031059;49712;0;9812402;218657;48865;847;0
380;19;9948682;49891;0;9729797;218885;49044;847;0
380;2;9928100;50227;0;9709980;218120;49344;883;0
380;20;10296720;51796;0;10076268;220452;50875;921;0
380;21;9834176;50189;0;9616020;218156;49330;859;0
380;22;9702518;48913;0;9483448;219070;48002;911;0
380;23;9509742;49573;0;9292195;217547;48596;977;0
380;24;9349372;48289;0;9129953;219419;47307;982;0
380;25;9836633;49271;0;9618758;217875;48355;916;0
380;26;9716395;50100;0;9498118;218277;49213;887;0
380;27;9365859;49202;0;9145903;219956;48211;991;0
380;28;9238455;47457;0;9018205;220250;46442;1015;0
380;29;9251163;51626;0;9031703;219460;50785;841;0
380;3;10869151;53397;0;10648515;220636;52561;836;0
380;30;10135253;50953;0;9915954;219299;50029;924;0
380;31;8976046;47183;0;8757644;218402;46377;806;0
380;32;9702824;49801;0;9482766;220058;48845;956;0
380;33;10561648;52331;0;10342355;219293;51341;990;0
380;34;9471952;48208;0;9252282;219670;47262;946;0
380;35;10078610;51265;0;9857694;220916;50327;938;0
380;36;9833170;49866;0;9612698;220472;49000;866;0
380;37;10162286;51422;0;9941422;220864;50575;847;0
380;38;10963490;52614;0;10745098;218392;51732;882;0
380;39;10662890;52806;0;10443610;219280;51863;943;0
380;4;9225627;47052;0;9006908;218719;46128;924;0
380;5;10273542;52311;0;10054665;218877;51455;856;0
380;6;9636101;47873;0;9416913;219188;46997;876;0
380;7;10369698;54321;0;10151461;218237;53490;831;0
380;8;9622852;48825;0;9403792;219060;47932;893;0
380;9;10178310;51117;0;9960847;217463;50196;921;0
40;0;126855;6119;0;118260;8595;5778;341;0
40;1;122404;5756;0;114335;8069;5496;260;0
40;10;115806;5557;0;107660;8146;5279;278;0
40;11;121674;5694;0;113225;8449;5416;278;0
40;12;129468;6011;0;121342;8126;5735;276;0
40;13;128871;6009;0;120575;8296;5697;312;0
40;14;119531;5591;0;111255;8276;5249;342;0
40;15;116560;5485;0;108470;8090;5150;335;0
40;16;113732;5747;0;105553;8179;5468;279;0
40;17;111301;5190;0;103124;8177;4915;275;0
40;18;108261;5124;0;100353;7908;4859;265;0
40;19;120236;6110;0;112183;8053;5819;291;0
40;2;108851;5105;0;100703;8148;4826;279;0
40;20;123674;5656;0;115688;7986;5391;265;0
40;21;104591;5270;0;96478;8113;4972;298;0
40;22;116954;5521;0;108861;8093;5227;294;0
40;23;116721;5724;0;108478;8243;5424;300;0
40;24;130149;6311;0;122138;8011;6037;274;0
40;25;109776;5474;0;101644;8132;5183;291;0
40;26;111722;5552;0;103854;7868;5286;266;0
40;27;107996;5249;0;99682;8314;4963;286;0
40;28;112956;5651;0;104820;8136;5358;293;0
40;29;123959;6069;0;115676;8283;5790;279;0
40;3;133546;6223;0;125425;8121;5949;274;0
40;30;120171;5858;0;111908;8263;5597;261;0
40;31;118125;6019;0;110199;7926;5699;320;0
40;32;138602;6189;0;130214;8388;5869;320;0
40;33;114069;5477;0;105730;8339;5120;357;0
40;34;117659;5517;0;109453;8206;5249;268;0
40;35;125437;5876;0;117266;8171;5587;289;0
40;36;126856;5704;0;118645;8211;5356;348;0
40;37;106537;5033;0;98020;8517;4722;311;0
40;38;113885;5607;0;105719;8166;5321;286;0
40;39;136853;6219;0;128722;8131;5942;277;0
40;4;102607;5059;0;94655;7952;4765;294;0
40;5;116419;5342;0;108149;8270;5027;315;0
40;6;120317;5501;0;112339;7978;5219;282;0
40;7;134059;6075;0;125822;8237;5759;316;0
40;8;115459;5846;0;107343;8116;5552;294;0
40;9;117711;5531;0;109432;8279;5161;370;0
400;0;10832260;52424;0;10596274;235986;51490;934;0
400;1;10724561;52142;0;10488401;236160;51169;973;0
400;10;10703572;52367;0;10466608;236964;51416;951;1
400;11;10973560;51765;0;10737518;236042;50929;836;0
400;12;9905306;52796;0;9668894;236412;51899;897;0
400;13;10871318;51301;0;10634969;236349;50338;963;0
400;14;10381082;50243;0;10146479;234603;49286;957;0
400;15;10423962;49820;0;10187557;236405;48891;929;0
400;16;10793259;52014;0;10559529;233730;51116;898;0
400;17;10628633;51288;0;10391083;237550;50321;967;0
400;18;10723176;52785;0;10485586;237590;51811;974;0
400;19;11462103;54408;0;11224341;237762;53534;874;0
400;2;10157734;50023;0;9922312;235422;49076;947;0
400;20;11136745;53402;0;10899523;237222;52524;878;0
400;21;10962539;52109;0;10725472;237067;51083;1026;0
400;22;11342262;54352;0;11104924;237338;53531;821;0
400;23;11350085;53802;0;11113730;236355;52896;906;0
400;24;12024531;53936;0;11788303;236228;53021;915;0
400;25;10135026;49285;0;9897927;237099;48374;911;0
400;26;11881922;56404;0;11645015;236907;55492;912;0
400;27;10912123;51609;0;10676879;235244;50763;846;0
400;28;10891484;53297;0;10655243;236241;52348;949;0
400;29;11014238;53030;0;10777513;236725;52074;956;0
400;3;11503772;53377;0;11266760;237012;52291;1086;0
400;30;11674222;55749;0;11438398;235824;54826;923;0
400;31;10210245;49775;0;9974308;235937;48924;851;0
400;32;11580454;53821;0;11342981;237473;52895;926;0
400;33;10300209;50232;0;10063214;236995;49336;896;0
400;34;10739514;52766;0;10502168;237346;51740;1026;0
400;35;11920956;55890;0;11684327;236629;54971;919;0
400;36;11728386;55320;0;11491168;237218;54344;976;0
400;37;9767338;48238;0;9532601;234737;47238;1000;0
400;38;12148738;56554;0;11912298;236440;55619;935;0
400;39;10842422;51851;0;10607325;235097;50905;946;0
400;4;10965127;51478;0;10730786;234341;50615;863;0
400;5;11227263;53701;0;10992686;234577;52782;919;0
400;6;11841816;53316;0;11606406;235410;52473;843;0
400;7;10288755;50161;0;10052415;236340;49217;944;0
400;8;10757320;51311;0;10520047;237273;50449;862;0
400;9;10986119;51853;0;10748918;237201;50916;937;0
420;0;11761304;53390;0;11505297;256007;52423;967;0
420;1;11957276;54367;0;11704521;252755;53525;842;0
420;10;12019489;56164;0;11764637;254852;55215;949;0
420;11;12481957;56841;0;12227390;254567;55794;1047;0
420;12;11676645;54522;0;11424143;252502;53606;916;0
420;13;12340952;56851;0;12086174;254778;55919;932;0
420;14;12404433;56204;0;12150032;254401;55321;883;0
420;15;11185176;52677;0;10929421;255755;51732;945;0
420;16;12286635;56490;0;12030551;256084;55542;948;0
420;17;11450017;52825;0;11195403;254614;51851;974;0
420;18;12359848;56936;0;12106967;252881;55959;977;0
420;19;12431072;56642;0;12176034;255038;55794;848;0
420;2;11331346;51535;0;11076710;254636;50542;993;0
420;20;12575484;57054;0;12320932;254552;55994;1060;0
420;21;12128434;56316;0;11873269;255165;55392;924;0
420;22;12035971;55349;0;11782508;253463;54359;990;0
420;23;12088539;54399;0;11835028;253511;53475;924;0
420;24;12197947;55083;0;11945110;252837;54171;912;0
420;25;12212336;54844;0;11959133;253203;53909;935;0
420;26;12587939;57075;0;12335674;252265;56129;946;0
420;27;11746916;52254;0;11493326;253590;51258;996;0
420;28;12102771;53645;0;11848694;254077;52759;886;0
420;29;11947571;53778;0;11693752;253819;52704;1074;0
420;3;12199063;54035;0;11943069;255994;53136;899;0
420;30;12861327;59887;0;12606776;254551;59006;881;0
420;31;11715720;54391;0;11462728;252992;53401;990;0
420;32;12542839;55845;0;12288983;253856;54890;955;0
420;33;10993302;50775;0;10740634;252668;49966;809;0
420;34;11983292;54838;0;11730586;252706;53957;881;0
420;35;11792798;53195;0;11538648;254150;52264;931;0
420;36;12698668;56721;0;12444171;254497;55853;868;0
420;37;12813849;56410;0;12559099;254750;55568;842;0
420;38;10957524;52120;0;10704539;252985;51222;898;0
420;39;12871674;57241;0;12619182;252492;56317;924;0
420;4;12530755;56790;0;12276063;254692;55858;932;2
420;5;12097352;56671;0;11843357;253995;55778;893;0
420;6;11100296;51579;0;10845171;255125;50486;1093;0
420;7;11819357;54134;0;11565178;254179;53148;986;0
420;8;11746223;53025;0;11493849;252374;52085;940;0
420;9;12641535;56854;0;12386916;254619;55934;920;0
440;0;13020771;57784;0;12749189;271582;56888;896;0
440;1;14971131;64017;0;14698620;272511;63111;906;0
440;10;13080640;56288;0;12808555;272085;55328;960;0
440;11;12427376;54536;0;12156767;270609;53591;945;0
440;12;14873342;61878;0;14600756;272586;61018;860;0
440;13;13415606;57820;0;13143457;272149;56816;1004;0
440;14;14751400;61591;0;14478306;273094;60615;976;0
440;15;12935755;56577;0;12663928;271827;55531;1046;0
440;16;13266494;58206;0;12993257;273237;57225;981;0
440;17;14014299;58033;0;13741004;273295;57142;891;0
440;18;13239078;58231;0;12965756;273322;57333;898;0
440;19;13017007;56510;0;12745018;271989;55588;922;0
440;2;13756782;58572;0;13482195;274587;57691;881;0
440;20;13562162;58712;0;13288070;274092;57771;941;0
440;21;13025936;58199;0;12752411;273525;57047;1152;0
440;22;12056573;53403;0;11783751;272822;52417;986;0
440;23;12658561;55703;0;12384088;274473;54693;1010;0
440;24;13030492;56184;0;12759691;270801;55093;1091;0
440;25;14090644;60854;0;13817826;272818;59969;885;0
440;26;13651299;58916;0;13378912;272387;57983;933;0
440;27;12451932;55499;0;12181455;270477;54573;926;0
440;28;13917884;61091;0;13644784;273100;60104;987;0
440;29;12737834;55593;0;12464545;273289;54639;954;0
440;3;13097698;57413;0;12825337;272361;56415;998;0
440;30;13110747;56442;0;12837972;272775;55476;966;0
440;31;13149785;57816;0;12879240;270545;56833;983;0
440;32;12498951;54494;0;12226896;272055;53589;905;0
440;33;12914330;55817;0;12643240;271090;54967;850;0
440;34;13279818;55554;0;13006376;273442;54646;908;0
440;35;13287685;57661;0;13017081;270604;56824;837;0
440;36;13532210;57266;0;13259802;272408;56332;934;0
440;37;13954282;58494;0;13682614;271668;57556;938;0
440;38;13881401;61041;0;13608729;272672;60013;1028;0
440;39;12284959;54585;0;12015081;269878;53675;910;0
440;4;13895785;59704;0;13621417;274368;58798;906;0
440;5;13052785;56232;0;12781193;271592;55326;906;0
440;6;12712290;54595;0;12440541;271749;53622;973;0
440;7;13254789;57138;0;12984127;270662;56214;924;0
440;8;13271702;58595;0;12998269;273433;57603;992;0
440;9;13450695;58754;0;13176902;273793;57666;1088;0
460;0;14315737;59923;0;14020105;295632;58908;1015;0
460;1;14931079;60916;0;14639146;291933;59986;930;0
460;10;14944943;63353;0;14652238;292705;62287;1066;0
460;11;15782585;65693;0;15491624;290961;64743;950;0
460;12;15394584;62728;0;15105016;289568;61721;1007;0
460;13;14864957;60840;0;14573696;291261;59898;942;0
460;14;13909873;59831;0;13618569;291304;58902;929;0
460;15;14817615;60971;0;14524975;292640;59943;1028;0
460;16;14114056;59530;0;13823956;290100;58515;1015;0
460;17;15562496;64034;0;15269605;292891;63071;963;0
460;18;14442838;60256;0;14151970;290868;59352;904;0
460;19;13710363;57848;0;13420903;289460;56930;918;0
460;2;13643899;58566;0;13353482;290417;57633;933;0
460;20;14836948;59714;0;14545657;291291;58738;976;0
460;21;15020116;61188;0;14729505;290611;60277;911;0
460;22;14283829;59095;0;13992988;290841;58090;1005;0
460;23;14702432;60928;0;14412109;290323;59959;969;0
460;24;15611005;63313;0;15319204;291801;62308;1005;0
460;25;14464894;60029;0;14174233;290661;59058;971;1
460;26;15472372;63831;0;15180031;292341;62891;940;0
460;27;13890011;59217;0;13600245;289766;58201;1016;0
460;28;15040917;63172;0;14749018;291899;62279;893;0
460;29;15676708;62659;0;15384341;292367;61677;982;0
460;3;13905805;57762;0;13615257;290548;56751;1011;0
460;30;13996868;59589;0;13706596;290272;58684;905;0
460;31;14669959;61493;0;14378664;291295;60369;1124;0
460;32;14052927;58853;0;13763996;288931;57952;901;0
460;33;14353441;60146;0;14064205;289236;59207;939;0
460;34;15288911;62431;0;14997759;291152;61311;1120;0
460;35;14165445;58387;0;13874852;290593;57450;937;0
460;36;13818052;57988;0;13528662;289390;57089;899;0
460;37;14787335;60589;0;14496060;291275;59668;921;0
460;38;13722712;57208;0;13433425;289287;56290;918;0
460;39;14669717;61966;0;14378883;290834;60995;971;0
460;4;14058567;59658;0;13766558;292009;58572;1086;0
460;5;14308792;58400;0;14020324;288468;57448;952;0
460;6;14310839;60349;0;14020778;290061;59366;983;0
460;7;15689031;62736;0;15397868;291163;61843;893;0
460;8;14356391;59986;0;14066056;290335;58997;989;0
460;9;14272629;59417;0;13981354;291275;58324;1093;0
480;0;14846335;59470;0;14536924;309411;58566;904;0
480;1;16611659;65992;0;16299828;311831;65034;958;0
480;10;16724131;66081;0;16412070;312061;65031;1050;0
480;11;15351249;62967;0;15042760;308489;61966;1001;0
480;12;15578030;61766;0;15267105;310925;60793;973;0
480;13;16087193;64832;0;15776564;310629;63852;980;0
480;14;14363695;59532;0;14056272;307423;58430;1102;0
480;15;16432757;64491;0;16122248;310509;63591;900;0
480;16;15172519;60933;0;14861614;310905;59989;944;0
480;17;15239353;61887;0;14929548;309805;60910;977;0
480;18;15399668;62898;0;15090210;309458;61882;1016;0
480;19;17425380;67649;0;17116400;308980;66713;936;0
480;2;15954080;62425;0;15646639;307441;61472;953;0
480;20;16574375;65408;0;16265146;309229;64349;1059;0
480;21;14945225;61034;0;14634288;310937;60069;965;0
480;22;15773954;62853;0;15464250;309704;61776;1077;0
480;23;15987318;63977;0;15678232;309086;63035;942;0
480;24;15793091;63443;0;15482792;310299;62402;1041;0
480;25;16104743;63509;0;15795938;308805;62523;986;0
480;26;17947305;67653;0;17638528;308777;66650;1003;0
480;27;16357695;61884;0;16048121;309574;60884;1000;0
480;28;14288781;58719;0;13979698;309083;57614;1105;0
480;29;17164622;66570;0;16851408;313214;65513;1057;0
480;3;17431078;68675;0;17119547;311531;67726;949;0
480;31;17433955;68964;0;17122130;311825;67985;979;0
480;32;16410985;64581;0;16099648;311337;63634;947;0
480;33;15756770;62986;0;15447442;309328;61965;1021;0
480;34;16247877;63742;0;15937365;310512;62820;922;0
480;36;16068886;63576;0;15758179;310707;62605;971;0
480;37;16637997;65265;0;16327219;310778;64303;962;0
480;38;17025376;64289;0;16714478;310898;63350;939;0
480;39;15650415;63777;0;15339209;311206;62839;938;0
480;4;15723400;63296;0;15414206;309194;62355;941;0
480;5;15643735;62344;0;15331592;312143;61384;960;0
480;6;15827257;63993;0;15518796;308461;62985;1008;0
480;7;16375378;66024;0;16064884;310494;65025;999;0
480;8;16355576;65140;0;16045020;310556;64162;978;0
480;9;16274390;64807;0;15964617;309773;63831;976;0
500;0;16276160;62501;0;15945186;330974;61495;1006;0
500;1;17049835;66712;0;16720814;329021;65706;1006;0
500;10;16542852;63556;0;16214165;328687;62561;995;1
500;11;16826208;63495;0;16496698;329510;62513;982;0
500;12;19935377;74571;0;19602088;333289;73614;957;0
500;13;18052110;68918;0;17722545;329565;67894;1024;0
500;14;17462203;66936;0;17132570;329633;66018;918;0
500;15;18004407;66330;0;17673368;331039;65282;1048;0
500;16;17491309;67714;0;17162397;328912;66707;1007;0
500;17;17667939;67112;0;17337913;330026;66178;934;0
500;18;18627201;70166;0;18298204;328997;69189;977;0
500;19;18199099;67913;0;17869168;329931;66860;1053;0
500;2;16726927;64182;0;16396041;330886;63179;1003;0
500;20;17738488;65773;0;17408396;330092;64669;1104;0
500;21;18358246;69300;0;18027828;330418;68295;1005;0
500;22;17478324;66222;0;17149755;328569;65215;1007;0
500;23;16522510;63443;0;16191485;331025;62397;1046;0
500;24;16794886;65977;0;16463523;331363;64948;1029;0
500;25;17501727;67061;0;17173441;328286;66096;965;0
500;26;16662479;63118;0;16333182;329297;62164;954;0
500;27;17506374;67834;0;17177313;329061;66812;1022;0
500;28;15871376;61169;0;15545365;326011;59979;1190;0
500;29;17137769;65618;0;16807903;329866;64624;994;0
500;3;16941050;64677;0;16611993;329057;63752;925;0
500;30;17801868;68122;0;17471880;329988;67020;1102;0
500;31;16545827;62517;0;16216635;329192;61507;1010;0
500;32;16200205;63226;0;15871999;328206;62261;965;0
500;33;17251338;66681;0;16920363;330975;65686;995;0
500;34;17731925;67216;0;17402984;328941;66282;934;0
500;35;17387533;66875;0;17056256;331277;65830;1045;0
500;36;17577899;67455;0;17249336;328563;66430;1025;0
500;37;18449007;68529;0;18120506;328501;67569;960;0
500;38;17118185;65615;0;16787337;330848;64591;1024;0
500;39;16306562;65514;0;15976179;330383;64502;1012;0
500;4;17591945;65551;0;17262743;329202;64619;932;0
500;5;17245425;67760;0;16916043;329382;66660;1100;0
500;6;18079776;67591;0;17748870;330906;66544;1047;0
500;7;17561562;66997;0;17231682;329880;66062;935;0
500;8;17101492;65140;0;16772273;329219;64151;989;0
500;9;18843080;71694;0;18510998;332082;70694;1000;0
60;0;259412;8253;0;244956;14456;7883;370;0
60;1;263733;8294;0;248995;14738;7936;358;0
60;10;261123;7809;0;246435;14688;7454;355;0
60;11;259352;8198;0;244663;14689;7814;384;0
60;12;266390;8185;0;251969;14421;7865;320;0
60;13;241754;8362;0;227142;14612;8027;335;0
60;14;235635;7822;0;220552;15083;7424;398;0
60;15;257697;7726;0;243321;14376;7370;356;0
60;16;256817;8654;0;242264;14553;8302;352;0
60;17;218998;7573;0;204681;14317;7241;332;0
60;18;238927;8079;0;224317;14610;7725;354;0
60;19;262756;8128;0;248147;14609;7801;327;0
60;2;221980;7537;0;207822;14158;7174;363;0
60;20;242535;7927;0;228061;14474;7581;346;0
60;21;269820;8388;0;255074;14746;8007;381;0
60;22;243033;8439;0;228377;14656;8090;349;0
60;23;255525;7857;0;240950;14575;7503;354;0
60;24;237739;7757;0;223313;14426;7447;310;0
60;25;256617;8554;0;242124;14493;8154;400;0
60;26;215872;7360;0;201151;14721;6876;484;0
60;27;250345;8103;0;235561;14784;7769;334;0
60;28;242437;7860;0;227858;14579;7552;308;0
60;29;284384;9280;0;270007;14377;8939;341;0
60;3;242564;7580;0;228005;14559;7213;367;0
60;30;274776;8963;0;260053;14723;8601;362;0
60;31;257721;8395;0;243048;14673;8018;377;0
60;32;260756;8074;0;246014;14742;7648;426;0
60;33;264572;8578;0;250155;14417;8222;356;0
60;34;258466;8309;0;243834;14632;7937;372;0
60;35;255455;8026;0;241141;14314;7674;352;0
60;36;236690;7522;0;222377;14313;7133;389;0
60;37;235357;7541;0;220837;14520;7183;358;0
60;38;276542;9018;0;261823;14719;8657;361;0
60;39;269129;8602;0;254779;14350;8256;346;0
60;4;292908;8970;0;278514;14394;8621;349;0
60;5;232219;7747;0;217598;14621;7403;344;0
60;6;280773;8439;0;266422;14351;8082;357;0
60;7;232516;7505;0;217797;14719;7131;374;0
60;8;267311;8371;0;252672;14639;8026;345;0
60;9;232307;7494;0;217471;14836;7127;367;0
80;0;419383;10270;0;397042;22341;9880;390;0
80;1;416807;10215;0;394378;22429;9750;465;0
80;10;460792;10946;0;438543;22249;10528;418;0
80;11;430724;10349;0;409018;21706;9989;360;0
80;12;478918;11558;0;456576;22342;11184;374;0
80;13;393360;9598;0;371517;21843;9196;402;0
80;14;426128;10348;0;404245;21883;9943;405;0
80;15;440345;10361;0;418121;22224;9940;421;0
80;16;402669;10115;0;379927;22742;9689;426;0
80;17;490779;12031;0;468316;22463;11566;465;0
80;18;380427;9399;0;358318;22109;9003;396;0
80;19;418731;10419;0;396696;22035;10049;370;0
80;2;403640;10463;0;381794;21846;10020;443;0
80;20;506353;12223;0;484175;22178;11747;476;0
80;21;491902;11135;0;469681;22221;10663;472;0
80;22;405276;10456;0;382776;22500;10031;425;0
80;23;421357;10598;0;399228;22129;10199;399;0
80;24;420186;10975;0;397969;22217;10609;366;0
80;25;414508;10244;0;392403;22105;9880;364;0
80;26;429695;10883;0;407566;22129;10456;427;0
80;27;414020;10305;0;391862;22158;9914;391;0
80;28;512193;11597;0;489889;22304;11182;415;0
80;29;481347;11560;0;459645;21702;11207;353;0
80;3;531964;13097;0;509644;22320;12745;352;0
80;30;428717;10704;0;406553;22164;10272;432;0
80;31;416321;10151;0;394339;21982;9713;438;0
80;32;441000;10684;0;418602;22398;10253;431;0
80;33;408201;9849;0;385871;22330;9442;407;0
80;34;441051;11033;0;418754;22297;10646;387;0
80;35;453494;10674;0;431406;22088;10240;434;0
80;36;463549;11126;0;441861;21688;10739;387;0
80;37;442862;10726;0;420595;22267;10214;512;0
80;38;521131;11973;0;499008;22123;11543;430;0
80;39;412213;9950;0;390103;22110;9578;372;0
80;4;453206;11117;0;431278;21928;10716;401;0
80;5;430210;10254;0;407790;22420;9848;406;0
80;6;420854;9851;0;398688;22166;9460;391;0
80;7;472799;11146;0;450706;22093;10751;395;0
80;8;454725;11232;0;432368;22357;10852;380;0
80;9;425204;11029;0;403047;22157;10518;511;0
