num_robot_dir;num_exp_file;reachingTargetTime
100;0;687654
100;0;13633
100;0;0
100;0;657427
100;0;30227
100;0;13187
100;0;446
100;0;0
100;1;786569
100;1;15070
100;1;0
100;1;755750
100;1;30819
100;1;14508
100;1;562
100;1;0
100;10;629488
100;10;12426
100;10;0
100;10;598917
100;10;30571
100;10;11967
100;10;459
100;10;0
100;11;660281
100;11;13232
100;11;0
100;11;629893
100;11;30388
100;11;12817
100;11;415
100;11;0
100;12;640637
100;12;12547
100;12;0
100;12;610119
100;12;30518
100;12;12079
100;12;468
100;12;0
100;13;678608
100;13;12830
100;13;0
100;13;647941
100;13;30667
100;13;12332
100;13;498
100;13;0
100;14;691357
100;14;13189
100;14;0
100;14;660113
100;14;31244
100;14;12749
100;14;440
100;14;0
100;15;615621
100;15;12941
100;15;0
100;15;584632
100;15;30989
100;15;12454
100;15;487
100;15;0
100;16;647464
100;16;12902
100;16;0
100;16;616824
100;16;30640
100;16;12429
100;16;473
100;16;0
100;17;664320
100;17;12665
100;17;0
100;17;633594
100;17;30726
100;17;12236
100;17;429
100;17;0
100;18;596624
100;18;11813
100;18;0
100;18;565962
100;18;30662
100;18;11340
100;18;473
100;18;0
100;19;681295
100;19;12819
100;19;0
100;19;651110
100;19;30185
100;19;12413
100;19;406
100;19;0
100;2;725602
100;2;13519
100;2;0
100;2;694920
100;2;30682
100;2;13081
100;2;438
100;2;0
100;20;656944
100;20;13045
100;20;0
100;20;626609
100;20;30335
100;20;12633
100;20;412
100;20;0
100;21;636384
100;21;12582
100;21;0
100;21;605936
100;21;30448
100;21;12100
100;21;482
100;21;0
100;22;656709
100;22;13109
100;22;0
100;22;625941
100;22;30768
100;22;12635
100;22;474
100;22;0
100;23;697076
100;23;14538
100;23;0
100;23;666311
100;23;30765
100;23;14014
100;23;524
100;23;0
100;24;548146
100;24;11165
100;24;0
100;24;518077
100;24;30069
100;24;10704
100;24;461
100;24;0
100;25;658293
100;25;12301
100;25;0
100;25;627027
100;25;31266
100;25;11864
100;25;437
100;25;0
100;26;614808
100;26;12084
100;26;0
100;26;584364
100;26;30444
100;26;11644
100;26;440
100;26;0
100;27;647616
100;27;13061
100;27;0
100;27;617141
100;27;30475
100;27;12597
100;27;464
100;27;0
100;28;697032
100;28;13944
100;28;0
100;28;665964
100;28;31068
100;28;13481
100;28;463
100;28;0
100;29;620751
100;29;12697
100;29;0
100;29;590188
100;29;30563
100;29;12272
100;29;425
100;29;0
100;3;644833
100;3;12525
100;3;0
100;3;614353
100;3;30480
100;3;12085
100;3;440
100;3;0
100;30;810398
100;30;15126
100;30;0
100;30;779530
100;30;30868
100;30;14692
100;30;434
100;30;0
100;31;667640
100;31;13261
100;31;0
100;31;636883
100;31;30757
100;31;12792
100;31;469
100;31;0
100;32;747167
100;32;14282
100;32;0
100;32;716286
100;32;30881
100;32;13812
100;32;470
100;32;0
100;33;727046
100;33;14520
100;33;0
100;33;696855
100;33;30191
100;33;14097
100;33;423
100;33;0
100;34;692560
100;34;13068
100;34;0
100;34;662043
100;34;30517
100;34;12631
100;34;437
100;34;0
100;35;692768
100;35;13479
100;35;0
100;35;662254
100;35;30514
100;35;13011
100;35;468
100;35;0
100;36;652546
100;36;12957
100;36;0
100;36;621079
100;36;31467
100;36;12436
100;36;521
100;36;0
100;37;721762
100;37;14126
100;37;0
100;37;691367
100;37;30395
100;37;13721
100;37;405
100;37;0
100;38;657054
100;38;13314
100;38;0
100;38;626645
100;38;30409
100;38;12892
100;38;422
100;38;0
100;39;611086
100;39;11909
100;39;0
100;39;580682
100;39;30404
100;39;11459
100;39;450
100;39;0
100;4;734539
100;4;14047
100;4;0
100;4;703810
100;4;30729
100;4;13575
100;4;472
100;4;0
100;5;671724
100;5;12913
100;5;0
100;5;641436
100;5;30288
100;5;12413
100;5;500
100;5;0
100;6;671027
100;6;12993
100;6;0
100;6;640562
100;6;30465
100;6;12549
100;6;444
100;6;0
100;7;651127
100;7;13179
100;7;0
100;7;620567
100;7;30560
100;7;12697
100;7;482
100;7;0
100;8;614493
100;8;11951
100;8;0
100;8;584417
100;8;30076
100;8;11509
100;8;442
100;8;0
100;9;708887
100;9;14070
100;9;0
100;9;678250
100;9;30637
100;9;13618
100;9;452
100;9;0
120;0;869774
120;0;14360
120;0;0
120;0;830085
120;0;39689
120;0;13903
120;0;457
120;0;0
120;1;1005523
120;1;15836
120;1;0
120;1;965464
120;1;40059
120;1;15325
120;1;511
120;1;0
120;10;919146
120;10;15454
120;10;0
120;10;878933
120;10;40213
120;10;15008
120;10;446
120;10;0
120;11;876438
120;11;14984
120;11;0
120;11;836701
120;11;39737
120;11;14480
120;11;504
120;11;0
120;12;1022412
120;12;16047
120;12;0
120;12;982659
120;12;39753
120;12;15589
120;12;458
120;12;0
120;13;999203
120;13;16491
120;13;0
120;13;959515
120;13;39688
120;13;15985
120;13;506
120;13;0
120;14;872837
120;14;14653
120;14;0
120;14;832936
120;14;39901
120;14;14142
120;14;511
120;14;0
120;15;887478
120;15;14562
120;15;0
120;15;846975
120;15;40503
120;15;14113
120;15;449
120;15;0
120;16;1012513
120;16;16825
120;16;0
120;16;972412
120;16;40101
120;16;16374
120;16;451
120;16;0
120;17;954810
120;17;15830
120;17;0
120;17;914805
120;17;40005
120;17;15240
120;17;590
120;17;0
120;18;905620
120;18;14502
120;18;0
120;18;865356
120;18;40264
120;18;13966
120;18;536
120;18;0
120;19;935244
120;19;15964
120;19;0
120;19;894249
120;19;40995
120;19;15465
120;19;499
120;19;0
120;2;850648
120;2;14014
120;2;0
120;2;810714
120;2;39934
120;2;13492
120;2;522
120;2;0
120;20;1130501
120;20;17464
120;20;0
120;20;1089590
120;20;40911
120;20;16878
120;20;586
120;20;0
120;21;1009218
120;21;15932
120;21;0
120;21;969090
120;21;40128
120;21;15385
120;21;547
120;21;0
120;22;944529
120;22;15664
120;22;0
120;22;903823
120;22;40706
120;22;15199
120;22;465
120;22;0
120;23;911293
120;23;14954
120;23;0
120;23;871775
120;23;39518
120;23;14491
120;23;463
120;23;0
120;24;1107337
120;24;17568
120;24;0
120;24;1067181
120;24;40156
120;24;17107
120;24;461
120;24;1
120;25;1011034
120;25;16449
120;25;0
120;25;970683
120;25;40351
120;25;15917
120;25;532
120;25;0
120;26;873864
120;26;15111
120;26;0
120;26;833676
120;26;40188
120;26;14608
120;26;503
120;26;0
120;27;1138814
120;27;17416
120;27;0
120;27;1099473
120;27;39341
120;27;16951
120;27;465
120;27;0
120;28;899869
120;28;15214
120;28;0
120;28;860094
120;28;39775
120;28;14729
120;28;485
120;28;0
120;29;896200
120;29;14502
120;29;0
120;29;856093
120;29;40107
120;29;13936
120;29;566
120;29;0
120;3;864514
120;3;14480
120;3;0
120;3;824267
120;3;40247
120;3;13948
120;3;532
120;3;0
120;30;953325
120;30;15646
120;30;0
120;30;913812
120;30;39513
120;30;15156
120;30;490
120;30;0
120;31;932672
120;31;15030
120;31;0
120;31;893396
120;31;39276
120;31;14583
120;31;447
120;31;0
120;32;1032094
120;32;15949
120;32;0
120;32;992029
120;32;40065
120;32;15331
120;32;618
120;32;0
120;33;958642
120;33;15586
120;33;0
120;33;918991
120;33;39651
120;33;15118
120;33;468
120;33;0
120;34;941563
120;34;15470
120;34;0
120;34;901692
120;34;39871
120;34;14987
120;34;483
120;34;0
120;35;887886
120;35;14262
120;35;0
120;35;847708
120;35;40178
120;35;13714
120;35;548
120;35;0
120;36;901544
120;36;15740
120;36;0
120;36;861507
120;36;40037
120;36;15230
120;36;510
120;36;0
120;37;893510
120;37;14512
120;37;0
120;37;854171
120;37;39339
120;37;14059
120;37;453
120;37;0
120;38;952488
120;38;16571
120;38;0
120;38;912628
120;38;39860
120;38;16031
120;38;540
120;38;0
120;39;929382
120;39;14928
120;39;0
120;39;889677
120;39;39705
120;39;14443
120;39;485
120;39;0
120;4;940837
120;4;15361
120;4;0
120;4;900218
120;4;40619
120;4;14795
120;4;566
120;4;0
120;5;930427
120;5;16182
120;5;0
120;5;890515
120;5;39912
120;5;15641
120;5;541
120;5;0
120;6;954564
120;6;15810
120;6;0
120;6;914526
120;6;40038
120;6;15343
120;6;467
120;6;0
120;7;896153
120;7;14807
120;7;0
120;7;856722
120;7;39431
120;7;14307
120;7;500
120;7;0
120;8;884477
120;8;14724
120;8;0
120;8;844790
120;8;39687
120;8;14132
120;8;592
120;8;0
120;9;1043545
120;9;15982
120;9;0
120;9;1004033
120;9;39512
120;9;15538
120;9;444
120;9;0
140;0;1162516
140;0;17333
140;0;0
140;0;1111923
140;0;50593
140;0;16779
140;0;554
140;0;0
140;1;1271257
140;1;17679
140;1;0
140;1;1221187
140;1;50070
140;1;17161
140;1;518
140;1;0
140;10;1205951
140;10;17316
140;10;0
140;10;1155244
140;10;50707
140;10;16788
140;10;528
140;10;0
140;11;1330758
140;11;18536
140;11;0
140;11;1280339
140;11;50419
140;11;17953
140;11;583
140;11;0
140;12;1327742
140;12;18889
140;12;0
140;12;1277130
140;12;50612
140;12;18320
140;12;569
140;12;0
140;13;1378832
140;13;19246
140;13;0
140;13;1328466
140;13;50366
140;13;18724
140;13;522
140;13;0
140;14;1328367
140;14;18550
140;14;0
140;14;1277975
140;14;50392
140;14;18007
140;14;543
140;14;0
140;15;1153240
140;15;16554
140;15;0
140;15;1103659
140;15;49581
140;15;16011
140;15;543
140;15;0
140;16;1241057
140;16;17426
140;16;0
140;16;1190437
140;16;50620
140;16;16899
140;16;527
140;16;0
140;17;1238909
140;17;18089
140;17;0
140;17;1188750
140;17;50159
140;17;17542
140;17;547
140;17;0
140;18;1439974
140;18;19171
140;18;0
140;18;1390228
140;18;49746
140;18;18628
140;18;543
140;18;0
140;19;1253271
140;19;17716
140;19;0
140;19;1203695
140;19;49576
140;19;17162
140;19;554
140;19;0
140;2;1200471
140;2;16629
140;2;0
140;2;1150332
140;2;50139
140;2;16048
140;2;581
140;2;0
140;20;1215130
140;20;17422
140;20;0
140;20;1164835
140;20;50295
140;20;16904
140;20;518
140;20;0
140;21;1193813
140;21;17482
140;21;0
140;21;1143161
140;21;50652
140;21;16892
140;21;590
140;21;0
140;22;1100539
140;22;16349
140;22;0
140;22;1051001
140;22;49538
140;22;15855
140;22;494
140;22;0
140;23;1249000
140;23;17617
140;23;0
140;23;1199071
140;23;49929
140;23;17051
140;23;566
140;23;0
140;24;1394731
140;24;18859
140;24;0
140;24;1344125
140;24;50606
140;24;18288
140;24;571
140;24;0
140;25;1402280
140;25;18937
140;25;0
140;25;1352844
140;25;49436
140;25;18448
140;25;489
140;25;0
140;26;1263223
140;26;18749
140;26;0
140;26;1212873
140;26;50350
140;26;18160
140;26;589
140;26;0
140;27;1298289
140;27;18356
140;27;0
140;27;1248322
140;27;49967
140;27;17840
140;27;516
140;27;0
140;28;1292896
140;28;18400
140;28;0
140;28;1242982
140;28;49914
140;28;17853
140;28;547
140;28;0
140;29;1301295
140;29;17910
140;29;0
140;29;1251618
140;29;49677
140;29;17383
140;29;527
140;29;0
140;3;1287450
140;3;18518
140;3;0
140;3;1237082
140;3;50368
140;3;17938
140;3;580
140;3;0
140;30;1293524
140;30;18406
140;30;0
140;30;1243443
140;30;50081
140;30;17902
140;30;504
140;30;0
140;31;1267642
140;31;18211
140;31;0
140;31;1218006
140;31;49636
140;31;17602
140;31;609
140;31;0
140;32;1226096
140;32;16612
140;32;0
140;32;1176943
140;32;49153
140;32;16091
140;32;521
140;32;0
140;33;1191761
140;33;16838
140;33;0
140;33;1142057
140;33;49704
140;33;16269
140;33;569
140;33;0
140;34;1252120
140;34;17537
140;34;0
140;34;1202193
140;34;49927
140;34;16843
140;34;694
140;34;0
140;35;1429853
140;35;19294
140;35;0
140;35;1379602
140;35;50251
140;35;18622
140;35;672
140;35;0
140;36;1202434
140;36;17007
140;36;0
140;36;1152509
140;36;49925
140;36;16460
140;36;547
140;36;0
140;37;1582804
140;37;19792
140;37;0
140;37;1532471
140;37;50333
140;37;19281
140;37;511
140;37;0
140;38;1327177
140;38;17844
140;38;0
140;38;1277060
140;38;50117
140;38;17268
140;38;576
140;38;0
140;39;1268365
140;39;18088
140;39;0
140;39;1218037
140;39;50328
140;39;17545
140;39;543
140;39;0
140;4;1280517
140;4;18084
140;4;0
140;4;1229928
140;4;50589
140;4;17439
140;4;645
140;4;0
140;5;1221327
140;5;17630
140;5;0
140;5;1171630
140;5;49697
140;5;17051
140;5;579
140;5;0
140;6;1275000
140;6;17644
140;6;0
140;6;1224657
140;6;50343
140;6;17040
140;6;604
140;6;0
140;7;1281403
140;7;18071
140;7;0
140;7;1231136
140;7;50267
140;7;17489
140;7;582
140;7;0
140;8;1330695
140;8;19063
140;8;0
140;8;1280618
140;8;50077
140;8;18562
140;8;501
140;8;0
140;9;1324924
140;9;17806
140;9;0
140;9;1275057
140;9;49867
140;9;17277
140;9;529
140;9;0
160;0;1625938
160;0;20516
160;0;0
160;0;1564668
160;0;61270
160;0;19905
160;0;611
160;0;0
160;1;1760253
160;1;21414
160;1;0
160;1;1698394
160;1;61859
160;1;20825
160;1;589
160;1;0
160;10;1499417
160;10;18953
160;10;0
160;10;1439068
160;10;60349
160;10;18425
160;10;528
160;10;0
160;11;1631762
160;11;20183
160;11;0
160;11;1571360
160;11;60402
160;11;19596
160;11;587
160;11;0
160;12;1706401
160;12;21074
160;12;0
160;12;1644475
160;12;61926
160;12;20490
160;12;584
160;12;0
160;13;1503804
160;13;18710
160;13;0
160;13;1443473
160;13;60331
160;13;18102
160;13;608
160;13;0
160;14;1731991
160;14;21513
160;14;0
160;14;1671572
160;14;60419
160;14;20944
160;14;569
160;14;0
160;15;1663127
160;15;20734
160;15;0
160;15;1601653
160;15;61474
160;15;20115
160;15;619
160;15;0
160;16;1821863
160;16;21829
160;16;0
160;16;1760660
160;16;61203
160;16;21297
160;16;532
160;16;0
160;17;1757761
160;17;20896
160;17;0
160;17;1696486
160;17;61275
160;17;20353
160;17;543
160;17;0
160;18;1624161
160;18;19366
160;18;0
160;18;1563430
160;18;60731
160;18;18809
160;18;557
160;18;0
160;19;1621840
160;19;20173
160;19;0
160;19;1560784
160;19;61056
160;19;19595
160;19;578
160;19;0
160;2;1579964
160;2;19904
160;2;0
160;2;1519066
160;2;60898
160;2;19338
160;2;566
160;2;0
160;20;1726666
160;20;21015
160;20;0
160;20;1665703
160;20;60963
160;20;20461
160;20;554
160;20;0
160;21;1686504
160;21;21069
160;21;0
160;21;1625776
160;21;60728
160;21;20281
160;21;788
160;21;0
160;22;1792789
160;22;22373
160;22;0
160;22;1730438
160;22;62351
160;22;21740
160;22;633
160;22;0
160;23;1735812
160;23;21279
160;23;0
160;23;1675134
160;23;60678
160;23;20668
160;23;611
160;23;0
160;24;1543245
160;24;19093
160;24;0
160;24;1481945
160;24;61300
160;24;18538
160;24;555
160;24;0
160;25;1749285
160;25;21456
160;25;0
160;25;1687805
160;25;61480
160;25;20820
160;25;636
160;25;0
160;26;1676231
160;26;20405
160;26;0
160;26;1614561
160;26;61670
160;26;19860
160;26;545
160;26;0
160;27;1612739
160;27;20165
160;27;0
160;27;1553166
160;27;59573
160;27;19592
160;27;573
160;27;0
160;28;1629587
160;28;21017
160;28;0
160;28;1568944
160;28;60643
160;28;20419
160;28;598
160;28;0
160;29;1748886
160;29;20135
160;29;0
160;29;1687702
160;29;61184
160;29;19576
160;29;559
160;29;0
160;3;1813139
160;3;22474
160;3;0
160;3;1751667
160;3;61472
160;3;21795
160;3;679
160;3;0
160;30;1701594
160;30;20639
160;30;0
160;30;1639849
160;30;61745
160;30;19996
160;30;643
160;30;0
160;31;1763406
160;31;22350
160;31;0
160;31;1701832
160;31;61574
160;31;21774
160;31;576
160;31;0
160;32;1756306
160;32;20866
160;32;0
160;32;1695159
160;32;61147
160;32;20272
160;32;594
160;32;0
160;33;1684519
160;33;21023
160;33;0
160;33;1623643
160;33;60876
160;33;20305
160;33;718
160;33;0
160;34;1649963
160;34;19778
160;34;0
160;34;1589086
160;34;60877
160;34;19199
160;34;579
160;34;0
160;35;1610762
160;35;20020
160;35;0
160;35;1549588
160;35;61174
160;35;19429
160;35;591
160;35;0
160;36;1699342
160;36;21054
160;36;0
160;36;1638589
160;36;60753
160;36;20495
160;36;559
160;36;0
160;37;1673189
160;37;20670
160;37;0
160;37;1611520
160;37;61669
160;37;20068
160;37;602
160;37;0
160;38;1608591
160;38;20170
160;38;0
160;38;1547762
160;38;60829
160;38;19632
160;38;538
160;38;0
160;39;1605306
160;39;19681
160;39;0
160;39;1544560
160;39;60746
160;39;19121
160;39;560
160;39;0
160;4;1731937
160;4;20822
160;4;0
160;4;1669357
160;4;62580
160;4;20217
160;4;605
160;4;0
160;5;1576436
160;5;19355
160;5;0
160;5;1515987
160;5;60449
160;5;18699
160;5;656
160;5;0
160;6;1684078
160;6;20864
160;6;0
160;6;1623252
160;6;60826
160;6;20228
160;6;636
160;6;0
160;7;1760116
160;7;21306
160;7;0
160;7;1698589
160;7;61527
160;7;20604
160;7;702
160;7;1
160;8;1604395
160;8;20051
160;8;0
160;8;1544093
160;8;60302
160;8;19505
160;8;546
160;8;0
160;9;1632496
160;9;20041
160;9;0
160;9;1570943
160;9;61553
160;9;19446
160;9;595
160;9;0
180;0;2166414
180;0;22906
180;0;0
180;0;2094571
180;0;71843
180;0;22244
180;0;662
180;0;0
180;1;2120919
180;1;23545
180;1;0
180;1;2048008
180;1;72911
180;1;22881
180;1;664
180;1;0
180;10;2074420
180;10;23121
180;10;0
180;10;2001951
180;10;72469
180;10;22510
180;10;611
180;10;0
180;11;2187453
180;11;23400
180;11;0
180;11;2113735
180;11;73718
180;11;22766
180;11;634
180;11;0
180;12;2042364
180;12;21955
180;12;0
180;12;1969674
180;12;72690
180;12;21305
180;12;650
180;12;0
180;13;1952172
180;13;21342
180;13;0
180;13;1880231
180;13;71941
180;13;20656
180;13;686
180;13;0
180;14;2112220
180;14;24094
180;14;0
180;14;2038883
180;14;73337
180;14;23461
180;14;633
180;14;0
180;15;2141218
180;15;23383
180;15;0
180;15;2069240
180;15;71978
180;15;22788
180;15;595
180;15;0
180;16;2018729
180;16;22491
180;16;0
180;16;1946763
180;16;71966
180;16;21886
180;16;605
180;16;0
180;17;1995583
180;17;22724
180;17;0
180;17;1923414
180;17;72169
180;17;22148
180;17;576
180;17;0
180;18;2178148
180;18;23792
180;18;0
180;18;2105866
180;18;72282
180;18;23211
180;18;581
180;18;0
180;19;2206696
180;19;23724
180;19;0
180;19;2134462
180;19;72234
180;19;23087
180;19;637
180;19;0
180;2;1943660
180;2;21787
180;2;0
180;2;1871431
180;2;72229
180;2;21186
180;2;601
180;2;0
180;20;2237998
180;20;24515
180;20;0
180;20;2165471
180;20;72527
180;20;23906
180;20;609
180;20;0
180;21;1951705
180;21;22485
180;21;0
180;21;1880297
180;21;71408
180;21;21832
180;21;653
180;21;0
180;22;2208364
180;22;23317
180;22;0
180;22;2135458
180;22;72906
180;22;22723
180;22;594
180;22;0
180;23;1973591
180;23;22181
180;23;0
180;23;1900383
180;23;73208
180;23;21517
180;23;664
180;23;0
180;24;2036604
180;24;22899
180;24;0
180;24;1964527
180;24;72077
180;24;22232
180;24;667
180;24;0
180;25;2191008
180;25;23470
180;25;0
180;25;2117791
180;25;73217
180;25;22870
180;25;600
180;25;0
180;26;2076198
180;26;21845
180;26;0
180;26;2004924
180;26;71274
180;26;21290
180;26;555
180;26;0
180;27;1951992
180;27;21102
180;27;0
180;27;1880235
180;27;71757
180;27;20554
180;27;548
180;27;0
180;28;2063571
180;28;21913
180;28;0
180;28;1992138
180;28;71433
180;28;21306
180;28;607
180;28;0
180;29;2257200
180;29;24116
180;29;0
180;29;2185336
180;29;71864
180;29;23497
180;29;619
180;29;0
180;3;2307550
180;3;24037
180;3;0
180;3;2235132
180;3;72418
180;3;23428
180;3;609
180;3;1
180;30;2034124
180;30;22571
180;30;0
180;30;1961536
180;30;72588
180;30;21952
180;30;619
180;30;0
180;31;2048008
180;31;21778
180;31;0
180;31;1976858
180;31;71150
180;31;21165
180;31;613
180;31;0
180;32;2302743
180;32;24211
180;32;0
180;32;2230218
180;32;72525
180;32;23644
180;32;567
180;32;0
180;33;2037273
180;33;23070
180;33;0
180;33;1964639
180;33;72634
180;33;22337
180;33;733
180;33;0
180;34;2125017
180;34;23428
180;34;0
180;34;2051965
180;34;73052
180;34;22841
180;34;587
180;34;0
180;35;2019090
180;35;23090
180;35;0
180;35;1946447
180;35;72643
180;35;22493
180;35;597
180;35;0
180;36;2030691
180;36;22502
180;36;0
180;36;1959143
180;36;71548
180;36;21853
180;36;649
180;36;0
180;37;2131661
180;37;23301
180;37;0
180;37;2059063
180;37;72598
180;37;22726
180;37;575
180;37;0
180;38;2124830
180;38;22653
180;38;0
180;38;2052275
180;38;72555
180;38;22005
180;38;648
180;38;0
180;39;1981844
180;39;22395
180;39;0
180;39;1907561
180;39;74283
180;39;21670
180;39;725
180;39;0
180;4;2056735
180;4;22657
180;4;0
180;4;1984163
180;4;72572
180;4;22090
180;4;567
180;4;0
180;5;2024442
180;5;22598
180;5;0
180;5;1951957
180;5;72485
180;5;21875
180;5;723
180;5;0
180;6;1991249
180;6;21687
180;6;0
180;6;1918994
180;6;72255
180;6;21059
180;6;628
180;6;0
180;7;2190521
180;7;23512
180;7;0
180;7;2117193
180;7;73328
180;7;22859
180;7;653
180;7;0
180;8;2138956
180;8;22968
180;8;0
180;8;2066421
180;8;72535
180;8;22292
180;8;676
180;8;0
180;9;2111244
180;9;23202
180;9;0
180;9;2038519
180;9;72725
180;9;22528
180;9;674
180;9;0
20;0;35228
20;0;3571
20;0;0
20;0;31991
20;0;3237
20;0;3351
20;0;220
20;0;0
20;1;40075
20;1;3627
20;1;0
20;1;36966
20;1;3109
20;1;3398
20;1;229
20;1;0
20;10;40855
20;10;3732
20;10;0
20;10;37689
20;10;3166
20;10;3488
20;10;244
20;10;0
20;11;38291
20;11;3226
20;11;0
20;11;35160
20;11;3131
20;11;2961
20;11;265
20;11;0
20;12;35085
20;12;3058
20;12;0
20;12;32092
20;12;2993
20;12;2847
20;12;211
20;12;0
20;13;35319
20;13;3091
20;13;0
20;13;32270
20;13;3049
20;13;2876
20;13;215
20;13;0
20;14;38931
20;14;3518
20;14;0
20;14;35689
20;14;3242
20;14;3277
20;14;241
20;14;0
20;15;38931
20;15;3518
20;15;0
20;15;35689
20;15;3242
20;15;3277
20;15;241
20;15;0
20;16;39739
20;16;3559
20;16;0
20;16;36693
20;16;3046
20;16;3355
20;16;204
20;16;0
20;17;34172
20;17;3077
20;17;0
20;17;31052
20;17;3120
20;17;2840
20;17;237
20;17;0
20;18;34225
20;18;3119
20;18;0
20;18;31162
20;18;3063
20;18;2862
20;18;257
20;18;0
20;19;38031
20;19;3401
20;19;0
20;19;34896
20;19;3135
20;19;3187
20;19;214
20;19;0
20;2;35912
20;2;3282
20;2;0
20;2;32633
20;2;3279
20;2;3013
20;2;269
20;2;0
20;20;35090
20;20;3009
20;20;0
20;20;31948
20;20;3142
20;20;2767
20;20;242
20;20;0
20;21;36297
20;21;3176
20;21;0
20;21;33035
20;21;3262
20;21;2925
20;21;251
20;21;0
20;22;37483
20;22;3328
20;22;0
20;22;34437
20;22;3046
20;22;3133
20;22;195
20;22;0
20;23;40222
20;23;3411
20;23;0
20;23;37170
20;23;3052
20;23;3196
20;23;215
20;23;0
20;24;35907
20;24;3055
20;24;0
20;24;32727
20;24;3180
20;24;2765
20;24;290
20;24;0
20;25;41173
20;25;3610
20;25;0
20;25;38126
20;25;3047
20;25;3370
20;25;240
20;25;0
20;26;44233
20;26;3832
20;26;0
20;26;41008
20;26;3225
20;26;3599
20;26;233
20;26;0
20;27;40288
20;27;3214
20;27;0
20;27;37272
20;27;3016
20;27;2974
20;27;240
20;27;0
20;28;41173
20;28;3610
20;28;0
20;28;38126
20;28;3047
20;28;3370
20;28;240
20;28;0
20;29;43086
20;29;3662
20;29;0
20;29;39871
20;29;3215
20;29;3441
20;29;221
20;29;0
20;3;44780
20;3;3903
20;3;0
20;3;41607
20;3;3173
20;3;3604
20;3;299
20;3;0
20;30;36359
20;30;3071
20;30;0
20;30;33250
20;30;3109
20;30;2863
20;30;208
20;30;0
20;31;41844
20;31;3573
20;31;0
20;31;38734
20;31;3110
20;31;3354
20;31;219
20;31;0
20;32;37508
20;32;3559
20;32;0
20;32;34517
20;32;2991
20;32;3338
20;32;221
20;32;0
20;33;40563
20;33;3754
20;33;0
20;33;37456
20;33;3107
20;33;3525
20;33;229
20;33;0
20;34;35944
20;34;3102
20;34;0
20;34;32881
20;34;3063
20;34;2897
20;34;205
20;34;0
20;35;30885
20;35;2632
20;35;0
20;35;27914
20;35;2971
20;35;2428
20;35;204
20;35;0
20;36;36379
20;36;3138
20;36;0
20;36;33444
20;36;2935
20;36;2904
20;36;234
20;36;0
20;37;37606
20;37;3204
20;37;0
20;37;34404
20;37;3202
20;37;2981
20;37;223
20;37;0
20;38;36701
20;38;3481
20;38;0
20;38;33600
20;38;3101
20;38;3277
20;38;204
20;38;0
20;39;34762
20;39;3002
20;39;0
20;39;31488
20;39;3274
20;39;2751
20;39;251
20;39;0
20;4;38445
20;4;3245
20;4;0
20;4;35217
20;4;3228
20;4;3004
20;4;241
20;4;0
20;5;38931
20;5;3518
20;5;0
20;5;35689
20;5;3242
20;5;3277
20;5;241
20;5;0
20;6;38931
20;6;3518
20;6;0
20;6;35689
20;6;3242
20;6;3277
20;6;241
20;6;0
20;7;36789
20;7;3499
20;7;0
20;7;33679
20;7;3110
20;7;3258
20;7;241
20;7;0
20;8;35085
20;8;3058
20;8;0
20;8;32092
20;8;2993
20;8;2847
20;8;211
20;8;0
20;9;38931
20;9;3518
20;9;0
20;9;35689
20;9;3242
20;9;3277
20;9;241
20;9;0
200;0;2716557
200;0;26802
200;0;0
200;0;2632369
200;0;84188
200;0;25970
200;0;832
200;0;0
200;1;2532209
200;1;24933
200;1;0
200;1;2447577
200;1;84632
200;1;24299
200;1;634
200;1;0
200;10;2453068
200;10;25045
200;10;0
200;10;2369771
200;10;83297
200;10;24395
200;10;650
200;10;0
200;11;2575461
200;11;25291
200;11;0
200;11;2491140
200;11;84321
200;11;24581
200;11;710
200;11;0
200;12;2827026
200;12;27733
200;12;0
200;12;2742064
200;12;84962
200;12;26935
200;12;798
200;12;0
200;13;2494453
200;13;24739
200;13;0
200;13;2410639
200;13;83814
200;13;24154
200;13;585
200;13;0
200;14;2449584
200;14;23973
200;14;0
200;14;2365231
200;14;84353
200;14;23296
200;14;677
200;14;0
200;15;2467112
200;15;25464
200;15;0
200;15;2381677
200;15;85435
200;15;24675
200;15;789
200;15;0
200;16;2440192
200;16;23889
200;16;0
200;16;2355426
200;16;84766
200;16;23195
200;16;694
200;16;0
200;17;2816141
200;17;26002
200;17;0
200;17;2731505
200;17;84636
200;17;25265
200;17;737
200;17;0
200;18;2583380
200;18;25543
200;18;0
200;18;2498533
200;18;84847
200;18;24906
200;18;637
200;18;0
200;19;2617117
200;19;26279
200;19;0
200;19;2531900
200;19;85217
200;19;25619
200;19;660
200;19;0
200;2;2655249
200;2;25537
200;2;0
200;2;2571571
200;2;83678
200;2;24885
200;2;652
200;2;0
200;20;2672872
200;20;26027
200;20;0
200;20;2589427
200;20;83445
200;20;25439
200;20;588
200;20;0
200;21;2569714
200;21;25196
200;21;0
200;21;2485308
200;21;84406
200;21;24542
200;21;654
200;21;0
200;22;2598161
200;22;25424
200;22;0
200;22;2512768
200;22;85393
200;22;24736
200;22;688
200;22;0
200;23;2587244
200;23;25370
200;23;0
200;23;2503088
200;23;84156
200;23;24694
200;23;676
200;23;0
200;24;2516453
200;24;25120
200;24;0
200;24;2431214
200;24;85239
200;24;24484
200;24;636
200;24;0
200;25;2662994
200;25;25898
200;25;0
200;25;2580086
200;25;82908
200;25;25293
200;25;605
200;25;0
200;26;2614813
200;26;26066
200;26;0
200;26;2529138
200;26;85675
200;26;25436
200;26;630
200;26;0
200;27;2612768
200;27;25609
200;27;0
200;27;2527713
200;27;85055
200;27;24839
200;27;770
200;27;0
200;28;2626050
200;28;25079
200;28;0
200;28;2541655
200;28;84395
200;28;24488
200;28;591
200;28;0
200;29;2762701
200;29;27690
200;29;0
200;29;2678079
200;29;84622
200;29;27066
200;29;624
200;29;0
200;3;2583428
200;3;25933
200;3;0
200;3;2498922
200;3;84506
200;3;25283
200;3;650
200;3;0
200;30;2373779
200;30;23187
200;30;0
200;30;2290275
200;30;83504
200;30;22555
200;30;632
200;30;0
200;31;2393932
200;31;24839
200;31;0
200;31;2309386
200;31;84546
200;31;24096
200;31;743
200;31;0
200;32;2412872
200;32;23330
200;32;0
200;32;2327316
200;32;85556
200;32;22651
200;32;679
200;32;0
200;33;2634789
200;33;25584
200;33;0
200;33;2549109
200;33;85680
200;33;24804
200;33;780
200;33;0
200;34;2791824
200;34;26508
200;34;0
200;34;2706119
200;34;85705
200;34;25891
200;34;617
200;34;0
200;35;2592077
200;35;25591
200;35;0
200;35;2508028
200;35;84049
200;35;25019
200;35;572
200;35;0
200;36;2784728
200;36;27009
200;36;0
200;36;2699684
200;36;85044
200;36;26338
200;36;671
200;36;0
200;37;2652409
200;37;24898
200;37;0
200;37;2568430
200;37;83979
200;37;24228
200;37;670
200;37;0
200;38;2886841
200;38;25943
200;38;0
200;38;2803068
200;38;83773
200;38;25354
200;38;589
200;38;0
200;39;2669181
200;39;25897
200;39;0
200;39;2585219
200;39;83962
200;39;25245
200;39;652
200;39;0
200;4;2732089
200;4;27067
200;4;0
200;4;2647308
200;4;84781
200;4;26452
200;4;615
200;4;0
200;5;2508412
200;5;25009
200;5;0
200;5;2424418
200;5;83994
200;5;24354
200;5;655
200;5;0
200;6;2573875
200;6;25120
200;6;0
200;6;2488746
200;6;85129
200;6;24437
200;6;683
200;6;0
200;7;2925009
200;7;27004
200;7;0
200;7;2840641
200;7;84368
200;7;26406
200;7;598
200;7;0
200;8;2522987
200;8;24693
200;8;0
200;8;2436974
200;8;86013
200;8;23977
200;8;716
200;8;0
200;9;2797386
200;9;27312
200;9;0
200;9;2711397
200;9;85989
200;9;26609
200;9;703
200;9;0
220;0;3012982
220;0;27472
220;0;0
220;0;2915520
220;0;97462
220;0;26746
220;0;726
220;0;0
220;1;3248384
220;1;28443
220;1;0
220;1;3151358
220;1;97026
220;1;27761
220;1;682
220;1;0
220;10;3529016
220;10;31780
220;10;0
220;10;3431037
220;10;97979
220;10;31041
220;10;739
220;10;0
220;11;3303547
220;11;28816
220;11;0
220;11;3206084
220;11;97463
220;11;28001
220;11;815
220;11;0
220;12;3684107
220;12;30125
220;12;0
220;12;3587662
220;12;96445
220;12;29436
220;12;689
220;12;0
220;13;3031715
220;13;26972
220;13;0
220;13;2934631
220;13;97084
220;13;26309
220;13;663
220;13;0
220;14;3024277
220;14;26701
220;14;0
220;14;2926754
220;14;97523
220;14;26011
220;14;690
220;14;0
220;15;3090092
220;15;26610
220;15;0
220;15;2992761
220;15;97331
220;15;25992
220;15;618
220;15;0
220;16;3125449
220;16;28104
220;16;0
220;16;3028572
220;16;96877
220;16;27382
220;16;722
220;16;0
220;17;3323028
220;17;28172
220;17;0
220;17;3226149
220;17;96879
220;17;27508
220;17;664
220;17;0
220;18;2992911
220;18;27718
220;18;0
220;18;2895423
220;18;97488
220;18;27002
220;18;716
220;18;0
220;19;3248291
220;19;28807
220;19;0
220;19;3150456
220;19;97835
220;19;28094
220;19;713
220;19;0
220;2;3551519
220;2;30341
220;2;0
220;2;3454028
220;2;97491
220;2;29706
220;2;635
220;2;0
220;20;3341624
220;20;28929
220;20;0
220;20;3244512
220;20;97112
220;20;28243
220;20;686
220;20;0
220;21;3156182
220;21;27516
220;21;0
220;21;3058966
220;21;97216
220;21;26895
220;21;621
220;21;0
220;22;3133754
220;22;27630
220;22;0
220;22;3035951
220;22;97803
220;22;26953
220;22;677
220;22;0
220;23;3089041
220;23;27325
220;23;0
220;23;2992592
220;23;96449
220;23;26531
220;23;794
220;23;0
220;24;3107479
220;24;28122
220;24;0
220;24;3009795
220;24;97684
220;24;27415
220;24;707
220;24;0
220;25;3096218
220;25;27980
220;25;0
220;25;2998747
220;25;97471
220;25;27337
220;25;643
220;25;0
220;26;3413943
220;26;28775
220;26;0
220;26;3316794
220;26;97149
220;26;28046
220;26;729
220;26;0
220;27;3281598
220;27;29264
220;27;0
220;27;3183692
220;27;97906
220;27;28557
220;27;707
220;27;0
220;28;2843103
220;28;26576
220;28;0
220;28;2745205
220;28;97898
220;28;25826
220;28;750
220;28;0
220;29;3317676
220;29;29162
220;29;0
220;29;3221030
220;29;96646
220;29;28392
220;29;770
220;29;0
220;3;3027199
220;3;26735
220;3;0
220;3;2930886
220;3;96313
220;3;26078
220;3;657
220;3;0
220;30;3385985
220;30;29617
220;30;0
220;30;3288327
220;30;97658
220;30;28985
220;30;632
220;30;0
220;31;2901734
220;31;26825
220;31;0
220;31;2803795
220;31;97939
220;31;26059
220;31;766
220;31;0
220;32;3112466
220;32;26517
220;32;0
220;32;3014666
220;32;97800
220;32;25882
220;32;635
220;32;0
220;33;3263558
220;33;28532
220;33;0
220;33;3164455
220;33;99103
220;33;27778
220;33;754
220;33;0
220;34;3253081
220;34;28366
220;34;0
220;34;3156005
220;34;97076
220;34;27673
220;34;693
220;34;0
220;35;3277833
220;35;28702
220;35;0
220;35;3180263
220;35;97570
220;35;27917
220;35;785
220;35;0
220;36;3209917
220;36;28522
220;36;0
220;36;3112608
220;36;97309
220;36;27800
220;36;722
220;36;0
220;37;3293949
220;37;29007
220;37;0
220;37;3196867
220;37;97082
220;37;28334
220;37;673
220;37;0
220;38;3239893
220;38;28598
220;38;0
220;38;3143192
220;38;96701
220;38;27961
220;38;637
220;38;0
220;39;3229744
220;39;28456
220;39;0
220;39;3133217
220;39;96527
220;39;27781
220;39;675
220;39;0
220;4;3100227
220;4;27853
220;4;0
220;4;3003204
220;4;97023
220;4;27173
220;4;680
220;4;0
220;5;3228541
220;5;28206
220;5;0
220;5;3131607
220;5;96934
220;5;27487
220;5;719
220;5;0
220;6;3151281
220;6;27777
220;6;0
220;6;3054221
220;6;97060
220;6;27105
220;6;672
220;6;0
220;7;3088351
220;7;28033
220;7;0
220;7;2990405
220;7;97946
220;7;27276
220;7;757
220;7;0
220;8;3166226
220;8;27768
220;8;0
220;8;3069402
220;8;96824
220;8;27121
220;8;647
220;8;0
220;9;3332310
220;9;29429
220;9;0
220;9;3234756
220;9;97554
220;9;28805
220;9;624
220;9;0
240;0;3565829
240;0;28706
240;0;0
240;0;3455628
240;0;110201
240;0;27899
240;0;807
240;0;0
240;1;3591188
240;1;29550
240;1;0
240;1;3478817
240;1;112371
240;1;28869
240;1;681
240;1;0
240;10;3936265
240;10;31534
240;10;0
240;10;3825087
240;10;111178
240;10;30732
240;10;802
240;10;0
240;11;4125874
240;11;31979
240;11;0
240;11;4013939
240;11;111935
240;11;31088
240;11;891
240;11;0
240;12;3544741
240;12;28462
240;12;0
240;12;3433817
240;12;110924
240;12;27780
240;12;682
240;12;0
240;13;3889962
240;13;31785
240;13;0
240;13;3779354
240;13;110608
240;13;31122
240;13;663
240;13;0
240;14;3731226
240;14;30294
240;14;0
240;14;3620510
240;14;110716
240;14;29634
240;14;660
240;14;0
240;15;3561979
240;15;29500
240;15;0
240;15;3451788
240;15;110191
240;15;28808
240;15;692
240;15;0
240;16;3633644
240;16;29425
240;16;0
240;16;3523562
240;16;110082
240;16;28717
240;16;708
240;16;0
240;17;3708560
240;17;29787
240;17;0
240;17;3597678
240;17;110882
240;17;29108
240;17;679
240;17;0
240;18;3439321
240;18;28091
240;18;0
240;18;3329575
240;18;109746
240;18;27410
240;18;681
240;18;0
240;19;3669360
240;19;30486
240;19;0
240;19;3557491
240;19;111869
240;19;29732
240;19;754
240;19;0
240;2;3827083
240;2;31393
240;2;0
240;2;3716903
240;2;110180
240;2;30511
240;2;882
240;2;0
240;20;3695848
240;20;29903
240;20;0
240;20;3585010
240;20;110838
240;20;29091
240;20;812
240;20;0
240;21;3757659
240;21;30125
240;21;0
240;21;3647293
240;21;110366
240;21;29483
240;21;642
240;21;0
240;22;3842767
240;22;29890
240;22;0
240;22;3732289
240;22;110478
240;22;29200
240;22;690
240;22;0
240;23;3804850
240;23;30334
240;23;0
240;23;3693893
240;23;110957
240;23;29578
240;23;756
240;23;0
240;24;3807458
240;24;31599
240;24;0
240;24;3696587
240;24;110871
240;24;30890
240;24;709
240;24;0
240;25;3928514
240;25;32118
240;25;0
240;25;3818539
240;25;109975
240;25;31492
240;25;626
240;25;0
240;26;3664430
240;26;30191
240;26;0
240;26;3552277
240;26;112153
240;26;29520
240;26;671
240;26;1
240;27;3691999
240;27;28895
240;27;0
240;27;3581566
240;27;110433
240;27;28035
240;27;860
240;27;0
240;28;3923921
240;28;32187
240;28;0
240;28;3813082
240;28;110839
240;28;31557
240;28;630
240;28;0
240;29;3515049
240;29;28040
240;29;0
240;29;3405136
240;29;109913
240;29;27355
240;29;685
240;29;0
240;3;3541470
240;3;28521
240;3;0
240;3;3431135
240;3;110335
240;3;27826
240;3;695
240;3;0
240;31;3861706
240;31;30834
240;31;0
240;31;3750694
240;31;111012
240;31;30023
240;31;811
240;31;0
240;32;4069677
240;32;32269
240;32;0
240;32;3958819
240;32;110858
240;32;31498
240;32;771
240;32;0
240;33;3806528
240;33;31836
240;33;0
240;33;3695559
240;33;110969
240;33;31095
240;33;741
240;33;0
240;34;3831647
240;34;30613
240;34;0
240;34;3720335
240;34;111312
240;34;29839
240;34;774
240;34;0
240;35;3563790
240;35;29590
240;35;0
240;35;3452281
240;35;111509
240;35;28854
240;35;736
240;35;0
240;36;3698284
240;36;30626
240;36;0
240;36;3588260
240;36;110024
240;36;29951
240;36;675
240;36;0
240;37;3731313
240;37;30696
240;37;0
240;37;3620323
240;37;110990
240;37;29889
240;37;807
240;37;0
240;38;3821446
240;38;30641
240;38;0
240;38;3710319
240;38;111127
240;38;29878
240;38;763
240;38;0
240;39;4126654
240;39;31661
240;39;0
240;39;4015983
240;39;110671
240;39;30927
240;39;734
240;39;0
240;4;3856624
240;4;31928
240;4;0
240;4;3747138
240;4;109486
240;4;31264
240;4;664
240;4;0
240;5;3789721
240;5;30614
240;5;0
240;5;3679317
240;5;110404
240;5;29901
240;5;713
240;5;0
240;6;3855404
240;6;32222
240;6;0
240;6;3744749
240;6;110655
240;6;31435
240;6;787
240;6;0
240;7;3532243
240;7;28661
240;7;0
240;7;3422130
240;7;110113
240;7;27976
240;7;685
240;7;0
240;8;3922079
240;8;31699
240;8;0
240;8;3811905
240;8;110174
240;8;30989
240;8;710
240;8;0
240;9;4125487
240;9;32172
240;9;0
240;9;4014639
240;9;110848
240;9;31517
240;9;655
240;9;0
260;0;4458210
260;0;32753
260;0;0
260;0;4331913
260;0;126297
260;0;32021
260;0;732
260;0;0
260;1;4334188
260;1;32186
260;1;0
260;1;4210668
260;1;123520
260;1;31277
260;1;909
260;1;0
260;10;4547863
260;10;34655
260;10;0
260;10;4423806
260;10;124057
260;10;33951
260;10;704
260;10;0
260;11;4778425
260;11;35012
260;11;0
260;11;4653765
260;11;124660
260;11;34277
260;11;735
260;11;0
260;12;4126143
260;12;30867
260;12;0
260;12;4001718
260;12;124425
260;12;30096
260;12;771
260;12;0
260;13;4001050
260;13;30482
260;13;0
260;13;3876979
260;13;124071
260;13;29669
260;13;813
260;13;0
260;14;4321825
260;14;32605
260;14;0
260;14;4196231
260;14;125594
260;14;31734
260;14;871
260;14;0
260;15;4362102
260;15;33954
260;15;0
260;15;4238537
260;15;123565
260;15;33136
260;15;818
260;15;0
260;16;4336527
260;16;31893
260;16;0
260;16;4212584
260;16;123943
260;16;31212
260;16;681
260;16;0
260;17;4504407
260;17;34863
260;17;0
260;17;4379270
260;17;125137
260;17;34077
260;17;786
260;17;0
260;18;4099323
260;18;31310
260;18;0
260;18;3975569
260;18;123754
260;18;30613
260;18;697
260;18;0
260;19;4442738
260;19;34208
260;19;0
260;19;4317176
260;19;125562
260;19;33411
260;19;797
260;19;0
260;2;4543081
260;2;34350
260;2;0
260;2;4418532
260;2;124549
260;2;33646
260;2;704
260;2;0
260;20;4652193
260;20;34094
260;20;0
260;20;4527918
260;20;124275
260;20;33456
260;20;638
260;20;0
260;21;4088079
260;21;31092
260;21;0
260;21;3963248
260;21;124831
260;21;30290
260;21;802
260;21;0
260;22;4717693
260;22;35702
260;22;0
260;22;4591182
260;22;126511
260;22;34840
260;22;862
260;22;0
260;23;4382869
260;23;33306
260;23;0
260;23;4257270
260;23;125599
260;23;32502
260;23;804
260;23;0
260;24;4170572
260;24;31843
260;24;0
260;24;4046731
260;24;123841
260;24;31120
260;24;723
260;24;0
260;25;4566162
260;25;34172
260;25;0
260;25;4441233
260;25;124929
260;25;33357
260;25;815
260;25;0
260;26;4336405
260;26;31774
260;26;0
260;26;4213487
260;26;122918
260;26;31072
260;26;702
260;26;0
260;27;4174542
260;27;31799
260;27;0
260;27;4050237
260;27;124305
260;27;31071
260;27;728
260;27;0
260;28;4433011
260;28;32839
260;28;0
260;28;4308723
260;28;124288
260;28;32066
260;28;773
260;28;0
260;29;4334236
260;29;32329
260;29;0
260;29;4209857
260;29;124379
260;29;31516
260;29;813
260;29;0
260;3;4252115
260;3;32028
260;3;0
260;3;4127590
260;3;124525
260;3;31274
260;3;754
260;3;0
260;30;4716304
260;30;34618
260;30;0
260;30;4592082
260;30;124222
260;30;33890
260;30;728
260;30;0
260;31;4364850
260;31;33862
260;31;0
260;31;4240945
260;31;123905
260;31;33082
260;31;780
260;31;0
260;32;4173979
260;32;31411
260;32;0
260;32;4049771
260;32;124208
260;32;30664
260;32;747
260;32;0
260;33;4640911
260;33;34251
260;33;0
260;33;4516612
260;33;124299
260;33;33537
260;33;714
260;33;0
260;34;4728282
260;34;35758
260;34;0
260;34;4602496
260;34;125786
260;34;34861
260;34;897
260;34;0
260;35;4690696
260;35;34646
260;35;0
260;35;4566041
260;35;124655
260;35;33910
260;35;736
260;35;0
260;36;4302686
260;36;33620
260;36;0
260;36;4179397
260;36;123289
260;36;32835
260;36;785
260;36;0
260;38;4301117
260;38;32043
260;38;0
260;38;4176173
260;38;124944
260;38;31211
260;38;832
260;38;0
260;39;4596285
260;39;33897
260;39;0
260;39;4472137
260;39;124148
260;39;33179
260;39;718
260;39;0
260;4;4242592
260;4;31471
260;4;0
260;4;4118905
260;4;123687
260;4;30719
260;4;752
260;4;0
260;5;4363816
260;5;31445
260;5;0
260;5;4239836
260;5;123980
260;5;30716
260;5;729
260;5;0
260;6;4642530
260;6;34739
260;6;0
260;6;4518927
260;6;123603
260;6;33976
260;6;763
260;6;0
260;7;4263745
260;7;32783
260;7;0
260;7;4139100
260;7;124645
260;7;32062
260;7;721
260;7;0
260;8;4249621
260;8;32130
260;8;0
260;8;4125213
260;8;124408
260;8;31419
260;8;711
260;8;0
260;9;4509161
260;9;33499
260;9;0
260;9;4384603
260;9;124558
260;9;32743
260;9;756
260;9;0
280;0;5432621
280;0;36910
280;0;0
280;0;5293584
280;0;139037
280;0;36193
280;0;717
280;0;0
280;1;5456020
280;1;38347
280;1;0
280;1;5316954
280;1;139066
280;1;37572
280;1;775
280;1;0
280;10;4958121
280;10;34445
280;10;0
280;10;4820699
280;10;137422
280;10;33713
280;10;732
280;10;0
280;11;5366470
280;11;35631
280;11;0
280;11;5225797
280;11;140673
280;11;34730
280;11;901
280;11;0
280;12;4681330
280;12;33769
280;12;0
280;12;4542386
280;12;138944
280;12;33029
280;12;740
280;12;0
280;13;4974460
280;13;35225
280;13;0
280;13;4835108
280;13;139352
280;13;34385
280;13;840
280;13;0
280;14;5336983
280;14;37643
280;14;0
280;14;5196981
280;14;140002
280;14;36807
280;14;836
280;14;0
280;15;5595812
280;15;38917
280;15;0
280;15;5455339
280;15;140473
280;15;38191
280;15;726
280;15;0
280;16;5551893
280;16;38680
280;16;0
280;16;5411170
280;16;140723
280;16;37811
280;16;869
280;16;0
280;17;5005252
280;17;35466
280;17;0
280;17;4867305
280;17;137947
280;17;34671
280;17;795
280;17;0
280;18;5092324
280;18;36687
280;18;0
280;18;4952693
280;18;139631
280;18;35910
280;18;777
280;18;0
280;19;5195647
280;19;36509
280;19;0
280;19;5056907
280;19;138740
280;19;35716
280;19;793
280;19;0
280;2;5916354
280;2;39255
280;2;0
280;2;5777313
280;2;139041
280;2;38518
280;2;737
280;2;0
280;20;4960634
280;20;34073
280;20;0
280;20;4821869
280;20;138765
280;20;33260
280;20;813
280;20;0
280;21;5090262
280;21;35235
280;21;0
280;21;4951501
280;21;138761
280;21;34433
280;21;802
280;21;0
280;22;5235992
280;22;36914
280;22;0
280;22;5098490
280;22;137502
280;22;36170
280;22;744
280;22;0
280;23;5231325
280;23;36628
280;23;0
280;23;5092577
280;23;138748
280;23;35722
280;23;906
280;23;0
280;24;5180727
280;24;37163
280;24;0
280;24;5040615
280;24;140112
280;24;36380
280;24;783
280;24;0
280;25;5241967
280;25;36608
280;25;0
280;25;5103028
280;25;138939
280;25;35869
280;25;739
280;25;0
280;26;5100355
280;26;36166
280;26;0
280;26;4960443
280;26;139912
280;26;35314
280;26;852
280;26;0
280;27;4938583
280;27;34834
280;27;0
280;27;4799263
280;27;139320
280;27;34014
280;27;820
280;27;0
280;28;5195858
280;28;37446
280;28;0
280;28;5055739
280;28;140119
280;28;36613
280;28;833
280;28;0
280;29;4863821
280;29;34649
280;29;0
280;29;4723788
280;29;140033
280;29;33826
280;29;823
280;29;0
280;3;5043647
280;3;34764
280;3;0
280;3;4904472
280;3;139175
280;3;33880
280;3;884
280;3;0
280;30;4962827
280;30;34197
280;30;0
280;30;4825211
280;30;137616
280;30;33467
280;30;730
280;30;0
280;31;5364166
280;31;35860
280;31;0
280;31;5224469
280;31;139697
280;31;35124
280;31;736
280;31;0
280;32;5072467
280;32;34521
280;32;0
280;32;4933722
280;32;138745
280;32;33799
280;32;722
280;32;0
280;33;5617544
280;33;37697
280;33;0
280;33;5479115
280;33;138429
280;33;36986
280;33;711
280;33;0
280;34;5426758
280;34;37452
280;34;0
280;34;5287771
280;34;138987
280;34;36699
280;34;753
280;34;0
280;35;5006347
280;35;35788
280;35;0
280;35;4866548
280;35;139799
280;35;34864
280;35;924
280;35;0
280;36;5217290
280;36;35477
280;36;0
280;36;5077623
280;36;139667
280;36;34750
280;36;727
280;36;0
280;37;5011582
280;37;35140
280;37;0
280;37;4871966
280;37;139616
280;37;34350
280;37;790
280;37;0
280;38;5024127
280;38;34989
280;38;0
280;38;4884733
280;38;139394
280;38;34249
280;38;740
280;38;0
280;39;5704358
280;39;37633
280;39;0
280;39;5565060
280;39;139298
280;39;36935
280;39;698
280;39;0
280;4;5434369
280;4;37881
280;4;0
280;4;5295739
280;4;138630
280;4;37121
280;4;760
280;4;0
280;5;4758797
280;5;33683
280;5;0
280;5;4620170
280;5;138627
280;5;32937
280;5;746
280;5;0
280;6;4852749
280;6;34928
280;6;0
280;6;4714790
280;6;137959
280;6;34061
280;6;867
280;6;0
280;7;5082382
280;7;35166
280;7;0
280;7;4943287
280;7;139095
280;7;34362
280;7;804
280;7;0
280;8;5184061
280;8;35979
280;8;0
280;8;5043934
280;8;140127
280;8;35185
280;8;794
280;8;0
280;9;5266141
280;9;36504
280;9;0
280;9;5127894
280;9;138247
280;9;35808
280;9;696
280;9;0
300;0;6169534
300;0;39855
300;0;0
300;0;6015061
300;0;154473
300;0;39115
300;0;740
300;0;0
300;1;6331844
300;1;40070
300;1;0
300;1;6178501
300;1;153343
300;1;39368
300;1;702
300;1;0
300;10;5615637
300;10;36887
300;10;0
300;10;5461903
300;10;153734
300;10;35998
300;10;889
300;10;0
300;11;6126140
300;11;39939
300;11;0
300;11;5973204
300;11;152936
300;11;39186
300;11;753
300;11;0
300;12;5939904
300;12;39107
300;12;0
300;12;5786253
300;12;153651
300;12;38351
300;12;756
300;12;0
300;13;6146544
300;13;39784
300;13;0
300;13;5993053
300;13;153491
300;13;39008
300;13;776
300;13;0
300;14;5479160
300;14;37012
300;14;0
300;14;5324513
300;14;154647
300;14;36205
300;14;807
300;14;0
300;15;6583971
300;15;40864
300;15;0
300;15;6429252
300;15;154719
300;15;40066
300;15;798
300;15;0
300;16;5619747
300;16;36397
300;16;0
300;16;5466325
300;16;153422
300;16;35633
300;16;764
300;16;0
300;17;6102464
300;17;39101
300;17;0
300;17;5947437
300;17;155027
300;17;38328
300;17;773
300;17;0
300;18;6486747
300;18;40943
300;18;0
300;18;6332981
300;18;153766
300;18;40111
300;18;832
300;18;0
300;19;5682632
300;19;36965
300;19;0
300;19;5528887
300;19;153745
300;19;36133
300;19;832
300;19;0
300;2;6139273
300;2;39670
300;2;0
300;2;5985854
300;2;153419
300;2;38945
300;2;725
300;2;0
300;20;6422382
300;20;40585
300;20;0
300;20;6268986
300;20;153396
300;20;39731
300;20;854
300;20;0
300;21;6012289
300;21;39166
300;21;0
300;21;5858726
300;21;153563
300;21;38456
300;21;710
300;21;1
300;22;5360400
300;22;35722
300;22;0
300;22;5207638
300;22;152762
300;22;34962
300;22;760
300;22;0
300;23;6116233
300;23;39963
300;23;0
300;23;5961277
300;23;154956
300;23;39179
300;23;784
300;23;0
300;24;5582208
300;24;37518
300;24;0
300;24;5428496
300;24;153712
300;24;36732
300;24;786
300;24;0
300;25;5893219
300;25;38139
300;25;0
300;25;5740298
300;25;152921
300;25;37422
300;25;717
300;25;0
300;26;5711292
300;26;37238
300;26;0
300;26;5557471
300;26;153821
300;26;36441
300;26;797
300;26;0
300;27;6072830
300;27;38376
300;27;0
300;27;5919706
300;27;153124
300;27;37654
300;27;722
300;27;0
300;28;6030869
300;28;38387
300;28;0
300;28;5876296
300;28;154573
300;28;37552
300;28;835
300;28;0
300;29;5682694
300;29;36618
300;29;0
300;29;5529276
300;29;153418
300;29;35843
300;29;775
300;29;0
300;3;5989986
300;3;42068
300;3;0
300;3;5837174
300;3;152812
300;3;41331
300;3;737
300;3;0
300;30;5672436
300;30;36940
300;30;0
300;30;5515777
300;30;156659
300;30;36035
300;30;905
300;30;0
300;31;6113658
300;31;39596
300;31;0
300;31;5959626
300;31;154032
300;31;38859
300;31;737
300;31;0
300;32;5878641
300;32;37910
300;32;0
300;32;5724879
300;32;153762
300;32;37021
300;32;889
300;32;0
300;33;5990595
300;33;38487
300;33;0
300;33;5837191
300;33;153404
300;33;37639
300;33;848
300;33;0
300;34;6129173
300;34;39914
300;34;0
300;34;5975981
300;34;153192
300;34;39099
300;34;815
300;34;0
300;35;5603315
300;35;37398
300;35;0
300;35;5449248
300;35;154067
300;35;36590
300;35;808
300;35;0
300;36;5795165
300;36;38061
300;36;0
300;36;5639823
300;36;155342
300;36;37311
300;36;750
300;36;0
300;37;6023632
300;37;40069
300;37;0
300;37;5868782
300;37;154850
300;37;39294
300;37;775
300;37;0
300;38;6415544
300;38;40180
300;38;0
300;38;6261841
300;38;153703
300;38;39409
300;38;771
300;38;0
300;39;5634746
300;39;37459
300;39;0
300;39;5480803
300;39;153943
300;39;36620
300;39;839
300;39;0
300;4;6339693
300;4;40448
300;4;0
300;4;6186160
300;4;153533
300;4;39601
300;4;847
300;4;0
300;5;5460290
300;5;38531
300;5;0
300;5;5307638
300;5;152652
300;5;37742
300;5;789
300;5;0
300;6;5870944
300;6;39412
300;6;0
300;6;5717347
300;6;153597
300;6;38630
300;6;782
300;6;0
300;7;6011586
300;7;38802
300;7;0
300;7;5858360
300;7;153226
300;7;38073
300;7;729
300;7;0
300;8;6317650
300;8;40490
300;8;0
300;8;6164054
300;8;153596
300;8;39620
300;8;870
300;8;0
300;9;6074501
300;9;39449
300;9;0
300;9;5919369
300;9;155132
300;9;38685
300;9;764
300;9;0
320;0;7094923
320;0;42356
320;0;0
320;0;6924972
320;0;169951
320;0;41645
320;0;711
320;0;0
320;1;6918430
320;1;40434
320;1;0
320;1;6748734
320;1;169696
320;1;39671
320;1;763
320;1;0
320;10;6645865
320;10;40388
320;10;0
320;10;6476963
320;10;168902
320;10;39584
320;10;804
320;10;0
320;11;7044397
320;11;41951
320;11;0
320;11;6874242
320;11;170155
320;11;41114
320;11;837
320;11;0
320;12;6268985
320;12;39137
320;12;0
320;12;6099746
320;12;169239
320;12;38317
320;12;820
320;12;0
320;13;6768091
320;13;41648
320;13;0
320;13;6599615
320;13;168476
320;13;40847
320;13;801
320;13;0
320;14;7240565
320;14;42020
320;14;0
320;14;7071107
320;14;169458
320;14;41037
320;14;983
320;14;0
320;15;7514070
320;15;42681
320;15;0
320;15;7345610
320;15;168460
320;15;41900
320;15;781
320;15;0
320;16;6596573
320;16;39726
320;16;0
320;16;6428439
320;16;168134
320;16;38936
320;16;790
320;16;0
320;17;7070253
320;17;41615
320;17;0
320;17;6901309
320;17;168944
320;17;40798
320;17;817
320;17;0
320;18;6695685
320;18;40837
320;18;0
320;18;6526912
320;18;168773
320;18;39982
320;18;855
320;18;0
320;19;7126349
320;19;42514
320;19;0
320;19;6956594
320;19;169755
320;19;41653
320;19;861
320;19;0
320;2;7367436
320;2;42230
320;2;0
320;2;7196695
320;2;170741
320;2;41432
320;2;798
320;2;0
320;20;6766351
320;20;41073
320;20;0
320;20;6597305
320;20;169046
320;20;40063
320;20;1010
320;20;0
320;21;6644121
320;21;41100
320;21;0
320;21;6474313
320;21;169808
320;21;40162
320;21;938
320;21;0
320;22;7086395
320;22;42009
320;22;0
320;22;6915378
320;22;171017
320;22;41157
320;22;852
320;22;0
320;23;6505046
320;23;40262
320;23;0
320;23;6335435
320;23;169611
320;23;39463
320;23;799
320;23;0
320;24;6966380
320;24;41549
320;24;0
320;24;6796509
320;24;169871
320;24;40677
320;24;872
320;24;0
320;25;6870396
320;25;41592
320;25;0
320;25;6702368
320;25;168028
320;25;40705
320;25;887
320;25;0
320;26;7002287
320;26;43440
320;26;0
320;26;6831807
320;26;170480
320;26;42568
320;26;872
320;26;0
320;27;6781180
320;27;40978
320;27;0
320;27;6611652
320;27;169528
320;27;40125
320;27;853
320;27;0
320;28;6351281
320;28;39458
320;28;0
320;28;6182616
320;28;168665
320;28;38726
320;28;732
320;28;0
320;29;6663742
320;29;40870
320;29;0
320;29;6494339
320;29;169403
320;29;40041
320;29;829
320;29;0
320;3;7237439
320;3;42863
320;3;0
320;3;7066969
320;3;170470
320;3;41855
320;3;1008
320;3;0
320;30;6564430
320;30;40176
320;30;0
320;30;6393990
320;30;170440
320;30;39184
320;30;992
320;30;0
320;31;6903144
320;31;41176
320;31;0
320;31;6733445
320;31;169699
320;31;40217
320;31;959
320;31;0
320;32;7016865
320;32;42252
320;32;0
320;32;6846312
320;32;170553
320;32;41505
320;32;747
320;32;0
320;33;6950670
320;33;42856
320;33;0
320;33;6779795
320;33;170875
320;33;41945
320;33;911
320;33;0
320;34;6642461
320;34;40019
320;34;0
320;34;6473288
320;34;169173
320;34;39202
320;34;817
320;34;0
320;35;6703337
320;35;39932
320;35;0
320;35;6534791
320;35;168546
320;35;39017
320;35;915
320;35;0
320;36;7093637
320;36;41668
320;36;0
320;36;6922729
320;36;170908
320;36;40882
320;36;786
320;36;0
320;37;5857566
320;37;37742
320;37;0
320;37;5689460
320;37;168106
320;37;36997
320;37;745
320;37;0
320;38;7006551
320;38;41443
320;38;0
320;38;6836711
320;38;169840
320;38;40576
320;38;867
320;38;0
320;39;7094643
320;39;42425
320;39;0
320;39;6925363
320;39;169280
320;39;41649
320;39;776
320;39;0
320;4;7009271
320;4;41150
320;4;0
320;4;6839302
320;4;169969
320;4;40271
320;4;879
320;4;0
320;5;7170901
320;5;42954
320;5;0
320;5;7001110
320;5;169791
320;5;42191
320;5;763
320;5;0
320;6;6631993
320;6;40343
320;6;0
320;6;6462910
320;6;169083
320;6;39534
320;6;809
320;6;0
320;7;6689348
320;7;40634
320;7;0
320;7;6520354
320;7;168994
320;7;39919
320;7;715
320;7;0
320;8;6857880
320;8;41137
320;8;0
320;8;6689349
320;8;168531
320;8;40319
320;8;818
320;8;0
320;9;6572609
320;9;41231
320;9;0
320;9;6402377
320;9;170232
320;9;40352
320;9;879
320;9;0
340;0;6550855
340;0;39449
340;0;0
340;0;6366523
340;0;184332
340;0;38608
340;0;841
340;0;0
340;1;7480274
340;1;42755
340;1;0
340;1;7296241
340;1;184033
340;1;41931
340;1;824
340;1;0
340;10;8305603
340;10;46465
340;10;0
340;10;8119884
340;10;185719
340;10;45550
340;10;915
340;10;0
340;11;7503079
340;11;42049
340;11;0
340;11;7317907
340;11;185172
340;11;41266
340;11;783
340;11;0
340;12;7400190
340;12;42252
340;12;0
340;12;7217203
340;12;182987
340;12;41325
340;12;927
340;12;0
340;13;7946284
340;13;43879
340;13;0
340;13;7760602
340;13;185682
340;13;43095
340;13;784
340;13;0
340;14;8299580
340;14;45686
340;14;0
340;14;8114534
340;14;185046
340;14;44927
340;14;759
340;14;0
340;15;7751101
340;15;44176
340;15;0
340;15;7565580
340;15;185521
340;15;43364
340;15;812
340;15;0
340;16;7608393
340;16;43514
340;16;0
340;16;7423516
340;16;184877
340;16;42712
340;16;802
340;16;0
340;17;7806772
340;17;43532
340;17;0
340;17;7620706
340;17;186066
340;17;42565
340;17;967
340;17;0
340;18;7961977
340;18;44765
340;18;0
340;18;7777864
340;18;184113
340;18;43830
340;18;935
340;18;0
340;19;7998145
340;19;44450
340;19;0
340;19;7813314
340;19;184831
340;19;43650
340;19;800
340;19;0
340;2;7702709
340;2;44455
340;2;0
340;2;7518082
340;2;184627
340;2;43653
340;2;802
340;2;0
340;20;7820991
340;20;44062
340;20;0
340;20;7635618
340;20;185373
340;20;43240
340;20;822
340;20;0
340;21;8167750
340;21;45502
340;21;0
340;21;7983474
340;21;184276
340;21;44618
340;21;884
340;21;0
340;22;8524940
340;22;46772
340;22;0
340;22;8339889
340;22;185051
340;22;45956
340;22;816
340;22;0
340;23;7118210
340;23;41983
340;23;0
340;23;6932851
340;23;185359
340;23;41226
340;23;757
340;23;0
340;24;7122991
340;24;42073
340;24;0
340;24;6937760
340;24;185231
340;24;41166
340;24;907
340;24;0
340;25;8027808
340;25;45319
340;25;0
340;25;7843462
340;25;184346
340;25;44438
340;25;881
340;25;0
340;26;7902799
340;26;44067
340;26;0
340;26;7717598
340;26;185201
340;26;43193
340;26;874
340;26;0
340;27;7815282
340;27;43288
340;27;0
340;27;7630412
340;27;184870
340;27;42423
340;27;865
340;27;0
340;28;7462292
340;28;42872
340;28;0
340;28;7275759
340;28;186533
340;28;41992
340;28;880
340;28;0
340;29;8285369
340;29;45889
340;29;0
340;29;8098951
340;29;186418
340;29;45124
340;29;765
340;29;0
340;3;8521503
340;3;45891
340;3;0
340;3;8336431
340;3;185072
340;3;45006
340;3;885
340;3;0
340;30;7737577
340;30;45045
340;30;0
340;30;7553370
340;30;184207
340;30;44261
340;30;784
340;30;0
340;31;8018501
340;31;44138
340;31;0
340;31;7834347
340;31;184154
340;31;43390
340;31;748
340;31;0
340;32;8715927
340;32;46728
340;32;0
340;32;8530192
340;32;185735
340;32;45909
340;32;819
340;32;0
340;33;7808682
340;33;43246
340;33;0
340;33;7623492
340;33;185190
340;33;42378
340;33;868
340;33;0
340;34;8745633
340;34;48122
340;34;0
340;34;8560462
340;34;185171
340;34;47350
340;34;772
340;34;0
340;35;7745804
340;35;43404
340;35;0
340;35;7560864
340;35;184940
340;35;42606
340;35;798
340;35;0
340;36;8164106
340;36;45225
340;36;0
340;36;7979639
340;36;184467
340;36;44354
340;36;871
340;36;0
340;37;7133281
340;37;41542
340;37;0
340;37;6949895
340;37;183386
340;37;40731
340;37;811
340;37;0
340;38;7590383
340;38;43280
340;38;0
340;38;7405029
340;38;185354
340;38;42501
340;38;779
340;38;0
340;39;8201703
340;39;45507
340;39;0
340;39;8015394
340;39;186309
340;39;44738
340;39;769
340;39;0
340;4;7053732
340;4;41635
340;4;0
340;4;6869147
340;4;184585
340;4;40725
340;4;910
340;4;0
340;5;8482584
340;5;46903
340;5;0
340;5;8297194
340;5;185390
340;5;46066
340;5;837
340;5;0
340;6;7988308
340;6;45118
340;6;0
340;6;7804219
340;6;184089
340;6;44259
340;6;859
340;6;0
340;7;7618294
340;7;42816
340;7;0
340;7;7433358
340;7;184936
340;7;41873
340;7;943
340;7;0
340;8;7489163
340;8;43008
340;8;0
340;8;7304897
340;8;184266
340;8;42227
340;8;781
340;8;0
340;9;8114730
340;9;45195
340;9;0
340;9;7928543
340;9;186187
340;9;44256
340;9;939
340;9;0
360;0;8801085
360;0;47788
360;0;0
360;0;8598538
360;0;202547
360;0;46918
360;0;870
360;0;0
360;1;8691075
360;1;48162
360;1;0
360;1;8487938
360;1;203137
360;1;47190
360;1;972
360;1;0
360;10;8935775
360;10;46838
360;10;0
360;10;8734980
360;10;200795
360;10;46058
360;10;780
360;10;0
360;11;9269520
360;11;50465
360;11;0
360;11;9067415
360;11;202105
360;11;49671
360;11;794
360;11;0
360;12;8522370
360;12;45440
360;12;0
360;12;8319394
360;12;202976
360;12;44649
360;12;791
360;12;0
360;13;9032372
360;13;48569
360;13;0
360;13;8829599
360;13;202773
360;13;47616
360;13;953
360;13;0
360;14;9017507
360;14;47690
360;14;0
360;14;8815668
360;14;201839
360;14;46834
360;14;856
360;14;0
360;15;8761806
360;15;46559
360;15;0
360;15;8559016
360;15;202790
360;15;45665
360;15;894
360;15;0
360;16;8746869
360;16;46246
360;16;0
360;16;8543523
360;16;203346
360;16;45427
360;16;819
360;16;0
360;17;8847225
360;17;47977
360;17;0
360;17;8644418
360;17;202807
360;17;47151
360;17;826
360;17;0
360;18;9094924
360;18;47497
360;18;0
360;18;8892148
360;18;202776
360;18;46580
360;18;917
360;18;0
360;19;9117393
360;19;46634
360;19;0
360;19;8913834
360;19;203559
360;19;45618
360;19;1016
360;19;0
360;2;8386084
360;2;45246
360;2;0
360;2;8184813
360;2;201271
360;2;44272
360;2;974
360;2;0
360;20;8467086
360;20;45220
360;20;0
360;20;8266082
360;20;201004
360;20;44319
360;20;901
360;20;0
360;21;8960928
360;21;47625
360;21;0
360;21;8759582
360;21;201346
360;21;46736
360;21;889
360;21;0
360;22;9163929
360;22;47542
360;22;0
360;22;8961995
360;22;201934
360;22;46653
360;22;889
360;22;0
360;23;9177919
360;23;47890
360;23;0
360;23;8975800
360;23;202119
360;23;47034
360;23;856
360;23;0
360;24;8503677
360;24;45970
360;24;0
360;24;8301068
360;24;202609
360;24;45099
360;24;871
360;24;0
360;25;9447497
360;25;49179
360;25;0
360;25;9244714
360;25;202783
360;25;48167
360;25;1012
360;25;0
360;26;8775549
360;26;47155
360;26;0
360;26;8573816
360;26;201733
360;26;46311
360;26;844
360;26;0
360;27;8553767
360;27;46488
360;27;0
360;27;8351771
360;27;201996
360;27;45634
360;27;854
360;27;0
360;28;8685473
360;28;45327
360;28;0
360;28;8483624
360;28;201849
360;28;44519
360;28;808
360;28;0
360;29;8925522
360;29;46645
360;29;0
360;29;8722620
360;29;202902
360;29;45828
360;29;817
360;29;0
360;3;8651401
360;3;46282
360;3;0
360;3;8448673
360;3;202728
360;3;45376
360;3;906
360;3;0
360;30;8549984
360;30;45588
360;30;0
360;30;8348020
360;30;201964
360;30;44761
360;30;827
360;30;0
360;31;9572478
360;31;48461
360;31;0
360;31;9369335
360;31;203143
360;31;47493
360;31;968
360;31;0
360;32;8446177
360;32;44613
360;32;0
360;32;8244311
360;32;201866
360;32;43731
360;32;882
360;32;0
360;33;8103517
360;33;44516
360;33;0
360;33;7902534
360;33;200983
360;33;43736
360;33;780
360;33;0
360;34;9434637
360;34;50324
360;34;0
360;34;9232094
360;34;202543
360;34;49425
360;34;899
360;34;0
360;35;8298888
360;35;45256
360;35;0
360;35;8097118
360;35;201770
360;35;44415
360;35;841
360;35;0
360;36;8183528
360;36;44597
360;36;0
360;36;7979133
360;36;204395
360;36;43665
360;36;932
360;36;0
360;37;8304126
360;37;44817
360;37;0
360;37;8102116
360;37;202010
360;37;43882
360;37;935
360;37;0
360;38;8270554
360;38;43983
360;38;0
360;38;8068327
360;38;202227
360;38;43087
360;38;896
360;38;0
360;39;8721130
360;39;46913
360;39;0
360;39;8518549
360;39;202581
360;39;46044
360;39;869
360;39;0
360;4;9079806
360;4;49182
360;4;0
360;4;8877504
360;4;202302
360;4;48338
360;4;844
360;4;0
360;5;8403940
360;5;44776
360;5;0
360;5;8203130
360;5;200810
360;5;43896
360;5;880
360;5;0
360;6;9174274
360;6;48624
360;6;0
360;6;8971382
360;6;202892
360;6;47628
360;6;996
360;6;0
360;7;7947710
360;7;43782
360;7;0
360;7;7745118
360;7;202592
360;7;42869
360;7;913
360;7;0
360;8;8808460
360;8;46894
360;8;0
360;8;8607621
360;8;200839
360;8;46068
360;8;826
360;8;0
360;9;8714497
360;9;47591
360;9;0
360;9;8512355
360;9;202142
360;9;46714
360;9;877
360;9;0
380;0;9307658
380;0;46836
380;0;0
380;0;9089781
380;0;217877
380;0;45961
380;0;875
380;0;0
380;1;10658165
380;1;53334
380;1;0
380;1;10439415
380;1;218750
380;1;52393
380;1;941
380;1;0
380;10;10078673
380;10;50842
380;10;0
380;10;9858821
380;10;219852
380;10;49929
380;10;913
380;10;0
380;11;10498770
380;11;51425
380;11;0
380;11;10278928
380;11;219842
380;11;50509
380;11;916
380;11;0
380;12;9471353
380;12;47121
380;12;0
380;12;9253721
380;12;217632
380;12;46253
380;12;868
380;12;0
380;13;9682253
380;13;49479
380;13;0
380;13;9462612
380;13;219641
380;13;48610
380;13;869
380;13;0
380;14;10364892
380;14;51245
380;14;0
380;14;10145974
380;14;218918
380;14;50390
380;14;855
380;14;0
380;15;9867029
380;15;49681
380;15;0
380;15;9649558
380;15;217471
380;15;48811
380;15;870
380;15;0
380;16;9948839
380;16;49648
380;16;0
380;16;9729213
380;16;219626
380;16;48770
380;16;878
380;16;0
380;17;9081541
380;17;47033
380;17;0
380;17;8862830
380;17;218711
380;17;46121
380;17;912
380;17;0
380;18;10031059
380;18;49712
380;18;0
380;18;9812402
380;18;218657
380;18;48865
380;18;847
380;18;0
380;19;9948682
380;19;49891
380;19;0
380;19;9729797
380;19;218885
380;19;49044
380;19;847
380;19;0
380;2;9928100
380;2;50227
380;2;0
380;2;9709980
380;2;218120
380;2;49344
380;2;883
380;2;0
380;20;10296720
380;20;51796
380;20;0
380;20;10076268
380;20;220452
380;20;50875
380;20;921
380;20;0
380;21;9834176
380;21;50189
380;21;0
380;21;9616020
380;21;218156
380;21;49330
380;21;859
380;21;0
380;22;9702518
380;22;48913
380;22;0
380;22;9483448
380;22;219070
380;22;48002
380;22;911
380;22;0
380;23;9509742
380;23;49573
380;23;0
380;23;9292195
380;23;217547
380;23;48596
380;23;977
380;23;0
380;24;9349372
380;24;48289
380;24;0
380;24;9129953
380;24;219419
380;24;47307
380;24;982
380;24;0
380;25;9836633
380;25;49271
380;25;0
380;25;9618758
380;25;217875
380;25;48355
380;25;916
380;25;0
380;26;9716395
380;26;50100
380;26;0
380;26;9498118
380;26;218277
380;26;49213
380;26;887
380;26;0
380;27;9365859
380;27;49202
380;27;0
380;27;9145903
380;27;219956
380;27;48211
380;27;991
380;27;0
380;28;9238455
380;28;47457
380;28;0
380;28;9018205
380;28;220250
380;28;46442
380;28;1015
380;28;0
380;29;9251163
380;29;51626
380;29;0
380;29;9031703
380;29;219460
380;29;50785
380;29;841
380;29;0
380;3;10869151
380;3;53397
380;3;0
380;3;10648515
380;3;220636
380;3;52561
380;3;836
380;3;0
380;30;10135253
380;30;50953
380;30;0
380;30;9915954
380;30;219299
380;30;50029
380;30;924
380;30;0
380;31;8976046
380;31;47183
380;31;0
380;31;8757644
380;31;218402
380;31;46377
380;31;806
380;31;0
380;32;9702824
380;32;49801
380;32;0
380;32;9482766
380;32;220058
380;32;48845
380;32;956
380;32;0
380;33;10561648
380;33;52331
380;33;0
380;33;10342355
380;33;219293
380;33;51341
380;33;990
380;33;0
380;34;9471952
380;34;48208
380;34;0
380;34;9252282
380;34;219670
380;34;47262
380;34;946
380;34;0
380;35;10078610
380;35;51265
380;35;0
380;35;9857694
380;35;220916
380;35;50327
380;35;938
380;35;0
380;36;9833170
380;36;49866
380;36;0
380;36;9612698
380;36;220472
380;36;49000
380;36;866
380;36;0
380;37;10162286
380;37;51422
380;37;0
380;37;9941422
380;37;220864
380;37;50575
380;37;847
380;37;0
380;38;10963490
380;38;52614
380;38;0
380;38;10745098
380;38;218392
380;38;51732
380;38;882
380;38;0
380;39;10662890
380;39;52806
380;39;0
380;39;10443610
380;39;219280
380;39;51863
380;39;943
380;39;0
380;4;9225627
380;4;47052
380;4;0
380;4;9006908
380;4;218719
380;4;46128
380;4;924
380;4;0
380;5;10273542
380;5;52311
380;5;0
380;5;10054665
380;5;218877
380;5;51455
380;5;856
380;5;0
380;6;9636101
380;6;47873
380;6;0
380;6;9416913
380;6;219188
380;6;46997
380;6;876
380;6;0
380;7;10369698
380;7;54321
380;7;0
380;7;10151461
380;7;218237
380;7;53490
380;7;831
380;7;0
380;8;9622852
380;8;48825
380;8;0
380;8;9403792
380;8;219060
380;8;47932
380;8;893
380;8;0
380;9;10178310
380;9;51117
380;9;0
380;9;9960847
380;9;217463
380;9;50196
380;9;921
380;9;0
40;0;126855
40;0;6119
40;0;0
40;0;118260
40;0;8595
40;0;5778
40;0;341
40;0;0
40;1;122404
40;1;5756
40;1;0
40;1;114335
40;1;8069
40;1;5496
40;1;260
40;1;0
40;10;115806
40;10;5557
40;10;0
40;10;107660
40;10;8146
40;10;5279
40;10;278
40;10;0
40;11;121674
40;11;5694
40;11;0
40;11;113225
40;11;8449
40;11;5416
40;11;278
40;11;0
40;12;129468
40;12;6011
40;12;0
40;12;121342
40;12;8126
40;12;5735
40;12;276
40;12;0
40;13;128871
40;13;6009
40;13;0
40;13;120575
40;13;8296
40;13;5697
40;13;312
40;13;0
40;14;119531
40;14;5591
40;14;0
40;14;111255
40;14;8276
40;14;5249
40;14;342
40;14;0
40;15;116560
40;15;5485
40;15;0
40;15;108470
40;15;8090
40;15;5150
40;15;335
40;15;0
40;16;113732
40;16;5747
40;16;0
40;16;105553
40;16;8179
40;16;5468
40;16;279
40;16;0
40;17;111301
40;17;5190
40;17;0
40;17;103124
40;17;8177
40;17;4915
40;17;275
40;17;0
40;18;108261
40;18;5124
40;18;0
40;18;100353
40;18;7908
40;18;4859
40;18;265
40;18;0
40;19;120236
40;19;6110
40;19;0
40;19;112183
40;19;8053
40;19;5819
40;19;291
40;19;0
40;2;108851
40;2;5105
40;2;0
40;2;100703
40;2;8148
40;2;4826
40;2;279
40;2;0
40;20;123674
40;20;5656
40;20;0
40;20;115688
40;20;7986
40;20;5391
40;20;265
40;20;0
40;21;104591
40;21;5270
40;21;0
40;21;96478
40;21;8113
40;21;4972
40;21;298
40;21;0
40;22;116954
40;22;5521
40;22;0
40;22;108861
40;22;8093
40;22;5227
40;22;294
40;22;0
40;23;116721
40;23;5724
40;23;0
40;23;108478
40;23;8243
40;23;5424
40;23;300
40;23;0
40;24;130149
40;24;6311
40;24;0
40;24;122138
40;24;8011
40;24;6037
40;24;274
40;24;0
40;25;109776
40;25;5474
40;25;0
40;25;101644
40;25;8132
40;25;5183
40;25;291
40;25;0
40;26;111722
40;26;5552
40;26;0
40;26;103854
40;26;7868
40;26;5286
40;26;266
40;26;0
40;27;107996
40;27;5249
40;27;0
40;27;99682
40;27;8314
40;27;4963
40;27;286
40;27;0
40;28;112956
40;28;5651
40;28;0
40;28;104820
40;28;8136
40;28;5358
40;28;293
40;28;0
40;29;123959
40;29;6069
40;29;0
40;29;115676
40;29;8283
40;29;5790
40;29;279
40;29;0
40;3;133546
40;3;6223
40;3;0
40;3;125425
40;3;8121
40;3;5949
40;3;274
40;3;0
40;30;120171
40;30;5858
40;30;0
40;30;111908
40;30;8263
40;30;5597
40;30;261
40;30;0
40;31;118125
40;31;6019
40;31;0
40;31;110199
40;31;7926
40;31;5699
40;31;320
40;31;0
40;32;138602
40;32;6189
40;32;0
40;32;130214
40;32;8388
40;32;5869
40;32;320
40;32;0
40;33;114069
40;33;5477
40;33;0
40;33;105730
40;33;8339
40;33;5120
40;33;357
40;33;0
40;34;117659
40;34;5517
40;34;0
40;34;109453
40;34;8206
40;34;5249
40;34;268
40;34;0
40;35;125437
40;35;5876
40;35;0
40;35;117266
40;35;8171
40;35;5587
40;35;289
40;35;0
40;36;126856
40;36;5704
40;36;0
40;36;118645
40;36;8211
40;36;5356
40;36;348
40;36;0
40;37;106537
40;37;5033
40;37;0
40;37;98020
40;37;8517
40;37;4722
40;37;311
40;37;0
40;38;113885
40;38;5607
40;38;0
40;38;105719
40;38;8166
40;38;5321
40;38;286
40;38;0
40;39;136853
40;39;6219
40;39;0
40;39;128722
40;39;8131
40;39;5942
40;39;277
40;39;0
40;4;102607
40;4;5059
40;4;0
40;4;94655
40;4;7952
40;4;4765
40;4;294
40;4;0
40;5;116419
40;5;5342
40;5;0
40;5;108149
40;5;8270
40;5;5027
40;5;315
40;5;0
40;6;120317
40;6;5501
40;6;0
40;6;112339
40;6;7978
40;6;5219
40;6;282
40;6;0
40;7;134059
40;7;6075
40;7;0
40;7;125822
40;7;8237
40;7;5759
40;7;316
40;7;0
40;8;115459
40;8;5846
40;8;0
40;8;107343
40;8;8116
40;8;5552
40;8;294
40;8;0
40;9;117711
40;9;5531
40;9;0
40;9;109432
40;9;8279
40;9;5161
40;9;370
40;9;0
400;0;10832260
400;0;52424
400;0;0
400;0;10596274
400;0;235986
400;0;51490
400;0;934
400;0;0
400;1;10724561
400;1;52142
400;1;0
400;1;10488401
400;1;236160
400;1;51169
400;1;973
400;1;0
400;10;10703572
400;10;52367
400;10;0
400;10;10466608
400;10;236964
400;10;51416
400;10;951
400;10;1
400;11;10973560
400;11;51765
400;11;0
400;11;10737518
400;11;236042
400;11;50929
400;11;836
400;11;0
400;12;9905306
400;12;52796
400;12;0
400;12;9668894
400;12;236412
400;12;51899
400;12;897
400;12;0
400;13;10871318
400;13;51301
400;13;0
400;13;10634969
400;13;236349
400;13;50338
400;13;963
400;13;0
400;14;10381082
400;14;50243
400;14;0
400;14;10146479
400;14;234603
400;14;49286
400;14;957
400;14;0
400;15;10423962
400;15;49820
400;15;0
400;15;10187557
400;15;236405
400;15;48891
400;15;929
400;15;0
400;16;10793259
400;16;52014
400;16;0
400;16;10559529
400;16;233730
400;16;51116
400;16;898
400;16;0
400;17;10628633
400;17;51288
400;17;0
400;17;10391083
400;17;237550
400;17;50321
400;17;967
400;17;0
400;18;10723176
400;18;52785
400;18;0
400;18;10485586
400;18;237590
400;18;51811
400;18;974
400;18;0
400;19;11462103
400;19;54408
400;19;0
400;19;11224341
400;19;237762
400;19;53534
400;19;874
400;19;0
400;2;10157734
400;2;50023
400;2;0
400;2;9922312
400;2;235422
400;2;49076
400;2;947
400;2;0
400;20;11136745
400;20;53402
400;20;0
400;20;10899523
400;20;237222
400;20;52524
400;20;878
400;20;0
400;21;10962539
400;21;52109
400;21;0
400;21;10725472
400;21;237067
400;21;51083
400;21;1026
400;21;0
400;22;11342262
400;22;54352
400;22;0
400;22;11104924
400;22;237338
400;22;53531
400;22;821
400;22;0
400;23;11350085
400;23;53802
400;23;0
400;23;11113730
400;23;236355
400;23;52896
400;23;906
400;23;0
400;24;12024531
400;24;53936
400;24;0
400;24;11788303
400;24;236228
400;24;53021
400;24;915
400;24;0
400;25;10135026
400;25;49285
400;25;0
400;25;9897927
400;25;237099
400;25;48374
400;25;911
400;25;0
400;26;11881922
400;26;56404
400;26;0
400;26;11645015
400;26;236907
400;26;55492
400;26;912
400;26;0
400;27;10912123
400;27;51609
400;27;0
400;27;10676879
400;27;235244
400;27;50763
400;27;846
400;27;0
400;28;10891484
400;28;53297
400;28;0
400;28;10655243
400;28;236241
400;28;52348
400;28;949
400;28;0
400;29;11014238
400;29;53030
400;29;0
400;29;10777513
400;29;236725
400;29;52074
400;29;956
400;29;0
400;3;11503772
400;3;53377
400;3;0
400;3;11266760
400;3;237012
400;3;52291
400;3;1086
400;3;0
400;30;11674222
400;30;55749
400;30;0
400;30;11438398
400;30;235824
400;30;54826
400;30;923
400;30;0
400;31;10210245
400;31;49775
400;31;0
400;31;9974308
400;31;235937
400;31;48924
400;31;851
400;31;0
400;32;11580454
400;32;53821
400;32;0
400;32;11342981
400;32;237473
400;32;52895
400;32;926
400;32;0
400;33;10300209
400;33;50232
400;33;0
400;33;10063214
400;33;236995
400;33;49336
400;33;896
400;33;0
400;34;10739514
400;34;52766
400;34;0
400;34;10502168
400;34;237346
400;34;51740
400;34;1026
400;34;0
400;35;11920956
400;35;55890
400;35;0
400;35;11684327
400;35;236629
400;35;54971
400;35;919
400;35;0
400;36;11728386
400;36;55320
400;36;0
400;36;11491168
400;36;237218
400;36;54344
400;36;976
400;36;0
400;37;9767338
400;37;48238
400;37;0
400;37;9532601
400;37;234737
400;37;47238
400;37;1000
400;37;0
400;38;12148738
400;38;56554
400;38;0
400;38;11912298
400;38;236440
400;38;55619
400;38;935
400;38;0
400;39;10842422
400;39;51851
400;39;0
400;39;10607325
400;39;235097
400;39;50905
400;39;946
400;39;0
400;4;10965127
400;4;51478
400;4;0
400;4;10730786
400;4;234341
400;4;50615
400;4;863
400;4;0
400;5;11227263
400;5;53701
400;5;0
400;5;10992686
400;5;234577
400;5;52782
400;5;919
400;5;0
400;6;11841816
400;6;53316
400;6;0
400;6;11606406
400;6;235410
400;6;52473
400;6;843
400;6;0
400;7;10288755
400;7;50161
400;7;0
400;7;10052415
400;7;236340
400;7;49217
400;7;944
400;7;0
400;8;10757320
400;8;51311
400;8;0
400;8;10520047
400;8;237273
400;8;50449
400;8;862
400;8;0
400;9;10986119
400;9;51853
400;9;0
400;9;10748918
400;9;237201
400;9;50916
400;9;937
400;9;0
420;0;11761304
420;0;53390
420;0;0
420;0;11505297
420;0;256007
420;0;52423
420;0;967
420;0;0
420;1;11957276
420;1;54367
420;1;0
420;1;11704521
420;1;252755
420;1;53525
420;1;842
420;1;0
420;10;12019489
420;10;56164
420;10;0
420;10;11764637
420;10;254852
420;10;55215
420;10;949
420;10;0
420;11;12481957
420;11;56841
420;11;0
420;11;12227390
420;11;254567
420;11;55794
420;11;1047
420;11;0
420;12;11676645
420;12;54522
420;12;0
420;12;11424143
420;12;252502
420;12;53606
420;12;916
420;12;0
420;13;12340952
420;13;56851
420;13;0
420;13;12086174
420;13;254778
420;13;55919
420;13;932
420;13;0
420;14;12404433
420;14;56204
420;14;0
420;14;12150032
420;14;254401
420;14;55321
420;14;883
420;14;0
420;15;11185176
420;15;52677
420;15;0
420;15;10929421
420;15;255755
420;15;51732
420;15;945
420;15;0
420;16;12286635
420;16;56490
420;16;0
420;16;12030551
420;16;256084
420;16;55542
420;16;948
420;16;0
420;17;11450017
420;17;52825
420;17;0
420;17;11195403
420;17;254614
420;17;51851
420;17;974
420;17;0
420;18;12359848
420;18;56936
420;18;0
420;18;12106967
420;18;252881
420;18;55959
420;18;977
420;18;0
420;19;12431072
420;19;56642
420;19;0
420;19;12176034
420;19;255038
420;19;55794
420;19;848
420;19;0
420;2;11331346
420;2;51535
420;2;0
420;2;11076710
420;2;254636
420;2;50542
420;2;993
420;2;0
420;20;12575484
420;20;57054
420;20;0
420;20;12320932
420;20;254552
420;20;55994
420;20;1060
420;20;0
420;21;12128434
420;21;56316
420;21;0
420;21;11873269
420;21;255165
420;21;55392
420;21;924
420;21;0
420;22;12035971
420;22;55349
420;22;0
420;22;11782508
420;22;253463
420;22;54359
420;22;990
420;22;0
420;23;12088539
420;23;54399
420;23;0
420;23;11835028
420;23;253511
420;23;53475
420;23;924
420;23;0
420;24;12197947
420;24;55083
420;24;0
420;24;11945110
420;24;252837
420;24;54171
420;24;912
420;24;0
420;25;12212336
420;25;54844
420;25;0
420;25;11959133
420;25;253203
420;25;53909
420;25;935
420;25;0
420;26;12587939
420;26;57075
420;26;0
420;26;12335674
420;26;252265
420;26;56129
420;26;946
420;26;0
420;27;11746916
420;27;52254
420;27;0
420;27;11493326
420;27;253590
420;27;51258
420;27;996
420;27;0
420;28;12102771
420;28;53645
420;28;0
420;28;11848694
420;28;254077
420;28;52759
420;28;886
420;28;0
420;29;11947571
420;29;53778
420;29;0
420;29;11693752
420;29;253819
420;29;52704
420;29;1074
420;29;0
420;3;12199063
420;3;54035
420;3;0
420;3;11943069
420;3;255994
420;3;53136
420;3;899
420;3;0
420;30;12861327
420;30;59887
420;30;0
420;30;12606776
420;30;254551
420;30;59006
420;30;881
420;30;0
420;31;11715720
420;31;54391
420;31;0
420;31;11462728
420;31;252992
420;31;53401
420;31;990
420;31;0
420;32;12542839
420;32;55845
420;32;0
420;32;12288983
420;32;253856
420;32;54890
420;32;955
420;32;0
420;33;10993302
420;33;50775
420;33;0
420;33;10740634
420;33;252668
420;33;49966
420;33;809
420;33;0
420;34;11983292
420;34;54838
420;34;0
420;34;11730586
420;34;252706
420;34;53957
420;34;881
420;34;0
420;35;11792798
420;35;53195
420;35;0
420;35;11538648
420;35;254150
420;35;52264
420;35;931
420;35;0
420;36;12698668
420;36;56721
420;36;0
420;36;12444171
420;36;254497
420;36;55853
420;36;868
420;36;0
420;37;12813849
420;37;56410
420;37;0
420;37;12559099
420;37;254750
420;37;55568
420;37;842
420;37;0
420;38;10957524
420;38;52120
420;38;0
420;38;10704539
420;38;252985
420;38;51222
420;38;898
420;38;0
420;39;12871674
420;39;57241
420;39;0
420;39;12619182
420;39;252492
420;39;56317
420;39;924
420;39;0
420;4;12530755
420;4;56790
420;4;0
420;4;12276063
420;4;254692
420;4;55858
420;4;932
420;4;2
420;5;12097352
420;5;56671
420;5;0
420;5;11843357
420;5;253995
420;5;55778
420;5;893
420;5;0
420;6;11100296
420;6;51579
420;6;0
420;6;10845171
420;6;255125
420;6;50486
420;6;1093
420;6;0
420;7;11819357
420;7;54134
420;7;0
420;7;11565178
420;7;254179
420;7;53148
420;7;986
420;7;0
420;8;11746223
420;8;53025
420;8;0
420;8;11493849
420;8;252374
420;8;52085
420;8;940
420;8;0
420;9;12641535
420;9;56854
420;9;0
420;9;12386916
420;9;254619
420;9;55934
420;9;920
420;9;0
440;0;13020771
440;0;57784
440;0;0
440;0;12749189
440;0;271582
440;0;56888
440;0;896
440;0;0
440;1;14971131
440;1;64017
440;1;0
440;1;14698620
440;1;272511
440;1;63111
440;1;906
440;1;0
440;10;13080640
440;10;56288
440;10;0
440;10;12808555
440;10;272085
440;10;55328
440;10;960
440;10;0
440;11;12427376
440;11;54536
440;11;0
440;11;12156767
440;11;270609
440;11;53591
440;11;945
440;11;0
440;12;14873342
440;12;61878
440;12;0
440;12;14600756
440;12;272586
440;12;61018
440;12;860
440;12;0
440;13;13415606
440;13;57820
440;13;0
440;13;13143457
440;13;272149
440;13;56816
440;13;1004
440;13;0
440;14;14751400
440;14;61591
440;14;0
440;14;14478306
440;14;273094
440;14;60615
440;14;976
440;14;0
440;15;12935755
440;15;56577
440;15;0
440;15;12663928
440;15;271827
440;15;55531
440;15;1046
440;15;0
440;16;13266494
440;16;58206
440;16;0
440;16;12993257
440;16;273237
440;16;57225
440;16;981
440;16;0
440;17;14014299
440;17;58033
440;17;0
440;17;13741004
440;17;273295
440;17;57142
440;17;891
440;17;0
440;18;13239078
440;18;58231
440;18;0
440;18;12965756
440;18;273322
440;18;57333
440;18;898
440;18;0
440;19;13017007
440;19;56510
440;19;0
440;19;12745018
440;19;271989
440;19;55588
440;19;922
440;19;0
440;2;13756782
440;2;58572
440;2;0
440;2;13482195
440;2;274587
440;2;57691
440;2;881
440;2;0
440;20;13562162
440;20;58712
440;20;0
440;20;13288070
440;20;274092
440;20;57771
440;20;941
440;20;0
440;21;13025936
440;21;58199
440;21;0
440;21;12752411
440;21;273525
440;21;57047
440;21;1152
440;21;0
440;22;12056573
440;22;53403
440;22;0
440;22;11783751
440;22;272822
440;22;52417
440;22;986
440;22;0
440;23;12658561
440;23;55703
440;23;0
440;23;12384088
440;23;274473
440;23;54693
440;23;1010
440;23;0
440;24;13030492
440;24;56184
440;24;0
440;24;12759691
440;24;270801
440;24;55093
440;24;1091
440;24;0
440;25;14090644
440;25;60854
440;25;0
440;25;13817826
440;25;272818
440;25;59969
440;25;885
440;25;0
440;26;13651299
440;26;58916
440;26;0
440;26;13378912
440;26;272387
440;26;57983
440;26;933
440;26;0
440;27;12451932
440;27;55499
440;27;0
440;27;12181455
440;27;270477
440;27;54573
440;27;926
440;27;0
440;28;13917884
440;28;61091
440;28;0
440;28;13644784
440;28;273100
440;28;60104
440;28;987
440;28;0
440;29;12737834
440;29;55593
440;29;0
440;29;12464545
440;29;273289
440;29;54639
440;29;954
440;29;0
440;3;13097698
440;3;57413
440;3;0
440;3;12825337
440;3;272361
440;3;56415
440;3;998
440;3;0
440;30;13110747
440;30;56442
440;30;0
440;30;12837972
440;30;272775
440;30;55476
440;30;966
440;30;0
440;31;13149785
440;31;57816
440;31;0
440;31;12879240
440;31;270545
440;31;56833
440;31;983
440;31;0
440;32;12498951
440;32;54494
440;32;0
440;32;12226896
440;32;272055
440;32;53589
440;32;905
440;32;0
440;33;12914330
440;33;55817
440;33;0
440;33;12643240
440;33;271090
440;33;54967
440;33;850
440;33;0
440;34;13279818
440;34;55554
440;34;0
440;34;13006376
440;34;273442
440;34;54646
440;34;908
440;34;0
440;35;13287685
440;35;57661
440;35;0
440;35;13017081
440;35;270604
440;35;56824
440;35;837
440;35;0
440;36;13532210
440;36;57266
440;36;0
440;36;13259802
440;36;272408
440;36;56332
440;36;934
440;36;0
440;37;13954282
440;37;58494
440;37;0
440;37;13682614
440;37;271668
440;37;57556
440;37;938
440;37;0
440;38;13881401
440;38;61041
440;38;0
440;38;13608729
440;38;272672
440;38;60013
440;38;1028
440;38;0
440;39;12284959
440;39;54585
440;39;0
440;39;12015081
440;39;269878
440;39;53675
440;39;910
440;39;0
440;4;13895785
440;4;59704
440;4;0
440;4;13621417
440;4;274368
440;4;58798
440;4;906
440;4;0
440;5;13052785
440;5;56232
440;5;0
440;5;12781193
440;5;271592
440;5;55326
440;5;906
440;5;0
440;6;12712290
440;6;54595
440;6;0
440;6;12440541
440;6;271749
440;6;53622
440;6;973
440;6;0
440;7;13254789
440;7;57138
440;7;0
440;7;12984127
440;7;270662
440;7;56214
440;7;924
440;7;0
440;8;13271702
440;8;58595
440;8;0
440;8;12998269
440;8;273433
440;8;57603
440;8;992
440;8;0
440;9;13450695
440;9;58754
440;9;0
440;9;13176902
440;9;273793
440;9;57666
440;9;1088
440;9;0
460;0;14315737
460;0;59923
460;0;0
460;0;14020105
460;0;295632
460;0;58908
460;0;1015
460;0;0
460;1;14931079
460;1;60916
460;1;0
460;1;14639146
460;1;291933
460;1;59986
460;1;930
460;1;0
460;10;14944943
460;10;63353
460;10;0
460;10;14652238
460;10;292705
460;10;62287
460;10;1066
460;10;0
460;11;15782585
460;11;65693
460;11;0
460;11;15491624
460;11;290961
460;11;64743
460;11;950
460;11;0
460;12;15394584
460;12;62728
460;12;0
460;12;15105016
460;12;289568
460;12;61721
460;12;1007
460;12;0
460;13;14864957
460;13;60840
460;13;0
460;13;14573696
460;13;291261
460;13;59898
460;13;942
460;13;0
460;14;13909873
460;14;59831
460;14;0
460;14;13618569
460;14;291304
460;14;58902
460;14;929
460;14;0
460;15;14817615
460;15;60971
460;15;0
460;15;14524975
460;15;292640
460;15;59943
460;15;1028
460;15;0
460;16;14114056
460;16;59530
460;16;0
460;16;13823956
460;16;290100
460;16;58515
460;16;1015
460;16;0
460;17;15562496
460;17;64034
460;17;0
460;17;15269605
460;17;292891
460;17;63071
460;17;963
460;17;0
460;18;14442838
460;18;60256
460;18;0
460;18;14151970
460;18;290868
460;18;59352
460;18;904
460;18;0
460;19;13710363
460;19;57848
460;19;0
460;19;13420903
460;19;289460
460;19;56930
460;19;918
460;19;0
460;2;13643899
460;2;58566
460;2;0
460;2;13353482
460;2;290417
460;2;57633
460;2;933
460;2;0
460;20;14836948
460;20;59714
460;20;0
460;20;14545657
460;20;291291
460;20;58738
460;20;976
460;20;0
460;21;15020116
460;21;61188
460;21;0
460;21;14729505
460;21;290611
460;21;60277
460;21;911
460;21;0
460;22;14283829
460;22;59095
460;22;0
460;22;13992988
460;22;290841
460;22;58090
460;22;1005
460;22;0
460;23;14702432
460;23;60928
460;23;0
460;23;14412109
460;23;290323
460;23;59959
460;23;969
460;23;0
460;24;15611005
460;24;63313
460;24;0
460;24;15319204
460;24;291801
460;24;62308
460;24;1005
460;24;0
460;25;14464894
460;25;60029
460;25;0
460;25;14174233
460;25;290661
460;25;59058
460;25;971
460;25;1
460;26;15472372
460;26;63831
460;26;0
460;26;15180031
460;26;292341
460;26;62891
460;26;940
460;26;0
460;27;13890011
460;27;59217
460;27;0
460;27;13600245
460;27;289766
460;27;58201
460;27;1016
460;27;0
460;28;15040917
460;28;63172
460;28;0
460;28;14749018
460;28;291899
460;28;62279
460;28;893
460;28;0
460;29;15676708
460;29;62659
460;29;0
460;29;15384341
460;29;292367
460;29;61677
460;29;982
460;29;0
460;3;13905805
460;3;57762
460;3;0
460;3;13615257
460;3;290548
460;3;56751
460;3;1011
460;3;0
460;30;13996868
460;30;59589
460;30;0
460;30;13706596
460;30;290272
460;30;58684
460;30;905
460;30;0
460;31;14669959
460;31;61493
460;31;0
460;31;14378664
460;31;291295
460;31;60369
460;31;1124
460;31;0
460;32;14052927
460;32;58853
460;32;0
460;32;13763996
460;32;288931
460;32;57952
460;32;901
460;32;0
460;33;14353441
460;33;60146
460;33;0
460;33;14064205
460;33;289236
460;33;59207
460;33;939
460;33;0
460;34;15288911
460;34;62431
460;34;0
460;34;14997759
460;34;291152
460;34;61311
460;34;1120
460;34;0
460;35;14165445
460;35;58387
460;35;0
460;35;13874852
460;35;290593
460;35;57450
460;35;937
460;35;0
460;36;13818052
460;36;57988
460;36;0
460;36;13528662
460;36;289390
460;36;57089
460;36;899
460;36;0
460;37;14787335
460;37;60589
460;37;0
460;37;14496060
460;37;291275
460;37;59668
460;37;921
460;37;0
460;38;13722712
460;38;57208
460;38;0
460;38;13433425
460;38;289287
460;38;56290
460;38;918
460;38;0
460;39;14669717
460;39;61966
460;39;0
460;39;14378883
460;39;290834
460;39;60995
460;39;971
460;39;0
460;4;14058567
460;4;59658
460;4;0
460;4;13766558
460;4;292009
460;4;58572
460;4;1086
460;4;0
460;5;14308792
460;5;58400
460;5;0
460;5;14020324
460;5;288468
460;5;57448
460;5;952
460;5;0
460;6;14310839
460;6;60349
460;6;0
460;6;14020778
460;6;290061
460;6;59366
460;6;983
460;6;0
460;7;15689031
460;7;62736
460;7;0
460;7;15397868
460;7;291163
460;7;61843
460;7;893
460;7;0
460;8;14356391
460;8;59986
460;8;0
460;8;14066056
460;8;290335
460;8;58997
460;8;989
460;8;0
460;9;14272629
460;9;59417
460;9;0
460;9;13981354
460;9;291275
460;9;58324
460;9;1093
460;9;0
480;0;14846335
480;0;59470
480;0;0
480;0;14536924
480;0;309411
480;0;58566
480;0;904
480;0;0
480;1;16611659
480;1;65992
480;1;0
480;1;16299828
480;1;311831
480;1;65034
480;1;958
480;1;0
480;10;16724131
480;10;66081
480;10;0
480;10;16412070
480;10;312061
480;10;65031
480;10;1050
480;10;0
480;11;15351249
480;11;62967
480;11;0
480;11;15042760
480;11;308489
480;11;61966
480;11;1001
480;11;0
480;12;15578030
480;12;61766
480;12;0
480;12;15267105
480;12;310925
480;12;60793
480;12;973
480;12;0
480;13;16087193
480;13;64832
480;13;0
480;13;15776564
480;13;310629
480;13;63852
480;13;980
480;13;0
480;14;14363695
480;14;59532
480;14;0
480;14;14056272
480;14;307423
480;14;58430
480;14;1102
480;14;0
480;15;16432757
480;15;64491
480;15;0
480;15;16122248
480;15;310509
480;15;63591
480;15;900
480;15;0
480;16;15172519
480;16;60933
480;16;0
480;16;14861614
480;16;310905
480;16;59989
480;16;944
480;16;0
480;17;15239353
480;17;61887
480;17;0
480;17;14929548
480;17;309805
480;17;60910
480;17;977
480;17;0
480;18;15399668
480;18;62898
480;18;0
480;18;15090210
480;18;309458
480;18;61882
480;18;1016
480;18;0
480;19;17425380
480;19;67649
480;19;0
480;19;17116400
480;19;308980
480;19;66713
480;19;936
480;19;0
480;2;15954080
480;2;62425
480;2;0
480;2;15646639
480;2;307441
480;2;61472
480;2;953
480;2;0
480;20;16574375
480;20;65408
480;20;0
480;20;16265146
480;20;309229
480;20;64349
480;20;1059
480;20;0
480;21;14945225
480;21;61034
480;21;0
480;21;14634288
480;21;310937
480;21;60069
480;21;965
480;21;0
480;22;15773954
480;22;62853
480;22;0
480;22;15464250
480;22;309704
480;22;61776
480;22;1077
480;22;0
480;23;15987318
480;23;63977
480;23;0
480;23;15678232
480;23;309086
480;23;63035
480;23;942
480;23;0
480;24;15793091
480;24;63443
480;24;0
480;24;15482792
480;24;310299
480;24;62402
480;24;1041
480;24;0
480;25;16104743
480;25;63509
480;25;0
480;25;15795938
480;25;308805
480;25;62523
480;25;986
480;25;0
480;26;17947305
480;26;67653
480;26;0
480;26;17638528
480;26;308777
480;26;66650
480;26;1003
480;26;0
480;27;16357695
480;27;61884
480;27;0
480;27;16048121
480;27;309574
480;27;60884
480;27;1000
480;27;0
480;28;14288781
480;28;58719
480;28;0
480;28;13979698
480;28;309083
480;28;57614
480;28;1105
480;28;0
480;29;17164622
480;29;66570
480;29;0
480;29;16851408
480;29;313214
480;29;65513
480;29;1057
480;29;0
480;3;17431078
480;3;68675
480;3;0
480;3;17119547
480;3;311531
480;3;67726
480;3;949
480;3;0
480;31;17433955
480;31;68964
480;31;0
480;31;17122130
480;31;311825
480;31;67985
480;31;979
480;31;0
480;32;16410985
480;32;64581
480;32;0
480;32;16099648
480;32;311337
480;32;63634
480;32;947
480;32;0
480;33;15756770
480;33;62986
480;33;0
480;33;15447442
480;33;309328
480;33;61965
480;33;1021
480;33;0
480;34;16247877
480;34;63742
480;34;0
480;34;15937365
480;34;310512
480;34;62820
480;34;922
480;34;0
480;36;16068886
480;36;63576
480;36;0
480;36;15758179
480;36;310707
480;36;62605
480;36;971
480;36;0
480;37;16637997
480;37;65265
480;37;0
480;37;16327219
480;37;310778
480;37;64303
480;37;962
480;37;0
480;38;17025376
480;38;64289
480;38;0
480;38;16714478
480;38;310898
480;38;63350
480;38;939
480;38;0
480;39;15650415
480;39;63777
480;39;0
480;39;15339209
480;39;311206
480;39;62839
480;39;938
480;39;0
480;4;15723400
480;4;63296
480;4;0
480;4;15414206
480;4;309194
480;4;62355
480;4;941
480;4;0
480;5;15643735
480;5;62344
480;5;0
480;5;15331592
480;5;312143
480;5;61384
480;5;960
480;5;0
480;6;15827257
480;6;63993
480;6;0
480;6;15518796
480;6;308461
480;6;62985
480;6;1008
480;6;0
480;7;16375378
480;7;66024
480;7;0
480;7;16064884
480;7;310494
480;7;65025
480;7;999
480;7;0
480;8;16355576
480;8;65140
480;8;0
480;8;16045020
480;8;310556
480;8;64162
480;8;978
480;8;0
480;9;16274390
480;9;64807
480;9;0
480;9;15964617
480;9;309773
480;9;63831
480;9;976
480;9;0
500;0;16276160
500;0;62501
500;0;0
500;0;15945186
500;0;330974
500;0;61495
500;0;1006
500;0;0
500;1;17049835
500;1;66712
500;1;0
500;1;16720814
500;1;329021
500;1;65706
500;1;1006
500;1;0
500;10;16542852
500;10;63556
500;10;0
500;10;16214165
500;10;328687
500;10;62561
500;10;995
500;10;1
500;11;16826208
500;11;63495
500;11;0
500;11;16496698
500;11;329510
500;11;62513
500;11;982
500;11;0
500;12;19935377
500;12;74571
500;12;0
500;12;19602088
500;12;333289
500;12;73614
500;12;957
500;12;0
500;13;18052110
500;13;68918
500;13;0
500;13;17722545
500;13;329565
500;13;67894
500;13;1024
500;13;0
500;14;17462203
500;14;66936
500;14;0
500;14;17132570
500;14;329633
500;14;66018
500;14;918
500;14;0
500;15;18004407
500;15;66330
500;15;0
500;15;17673368
500;15;331039
500;15;65282
500;15;1048
500;15;0
500;16;17491309
500;16;67714
500;16;0
500;16;17162397
500;16;328912
500;16;66707
500;16;1007
500;16;0
500;17;17667939
500;17;67112
500;17;0
500;17;17337913
500;17;330026
500;17;66178
500;17;934
500;17;0
500;18;18627201
500;18;70166
500;18;0
500;18;18298204
500;18;328997
500;18;69189
500;18;977
500;18;0
500;19;18199099
500;19;67913
500;19;0
500;19;17869168
500;19;329931
500;19;66860
500;19;1053
500;19;0
500;2;16726927
500;2;64182
500;2;0
500;2;16396041
500;2;330886
500;2;63179
500;2;1003
500;2;0
500;20;17738488
500;20;65773
500;20;0
500;20;17408396
500;20;330092
500;20;64669
500;20;1104
500;20;0
500;21;18358246
500;21;69300
500;21;0
500;21;18027828
500;21;330418
500;21;68295
500;21;1005
500;21;0
500;22;17478324
500;22;66222
500;22;0
500;22;17149755
500;22;328569
500;22;65215
500;22;1007
500;22;0
500;23;16522510
500;23;63443
500;23;0
500;23;16191485
500;23;331025
500;23;62397
500;23;1046
500;23;0
500;24;16794886
500;24;65977
500;24;0
500;24;16463523
500;24;331363
500;24;64948
500;24;1029
500;24;0
500;25;17501727
500;25;67061
500;25;0
500;25;17173441
500;25;328286
500;25;66096
500;25;965
500;25;0
500;26;16662479
500;26;63118
500;26;0
500;26;16333182
500;26;329297
500;26;62164
500;26;954
500;26;0
500;27;17506374
500;27;67834
500;27;0
500;27;17177313
500;27;329061
500;27;66812
500;27;1022
500;27;0
500;28;15871376
500;28;61169
500;28;0
500;28;15545365
500;28;326011
500;28;59979
500;28;1190
500;28;0
500;29;17137769
500;29;65618
500;29;0
500;29;16807903
500;29;329866
500;29;64624
500;29;994
500;29;0
500;3;16941050
500;3;64677
500;3;0
500;3;16611993
500;3;329057
500;3;63752
500;3;925
500;3;0
500;30;17801868
500;30;68122
500;30;0
500;30;17471880
500;30;329988
500;30;67020
500;30;1102
500;30;0
500;31;16545827
500;31;62517
500;31;0
500;31;16216635
500;31;329192
500;31;61507
500;31;1010
500;31;0
500;32;16200205
500;32;63226
500;32;0
500;32;15871999
500;32;328206
500;32;62261
500;32;965
500;32;0
500;33;17251338
500;33;66681
500;33;0
500;33;16920363
500;33;330975
500;33;65686
500;33;995
500;33;0
500;34;17731925
500;34;67216
500;34;0
500;34;17402984
500;34;328941
500;34;66282
500;34;934
500;34;0
500;35;17387533
500;35;66875
500;35;0
500;35;17056256
500;35;331277
500;35;65830
500;35;1045
500;35;0
500;36;17577899
500;36;67455
500;36;0
500;36;17249336
500;36;328563
500;36;66430
500;36;1025
500;36;0
500;37;18449007
500;37;68529
500;37;0
500;37;18120506
500;37;328501
500;37;67569
500;37;960
500;37;0
500;38;17118185
500;38;65615
500;38;0
500;38;16787337
500;38;330848
500;38;64591
500;38;1024
500;38;0
500;39;16306562
500;39;65514
500;39;0
500;39;15976179
500;39;330383
500;39;64502
500;39;1012
500;39;0
500;4;17591945
500;4;65551
500;4;0
500;4;17262743
500;4;329202
500;4;64619
500;4;932
500;4;0
500;5;17245425
500;5;67760
500;5;0
500;5;16916043
500;5;329382
500;5;66660
500;5;1100
500;5;0
500;6;18079776
500;6;67591
500;6;0
500;6;17748870
500;6;330906
500;6;66544
500;6;1047
500;6;0
500;7;17561562
500;7;66997
500;7;0
500;7;17231682
500;7;329880
500;7;66062
500;7;935
500;7;0
500;8;17101492
500;8;65140
500;8;0
500;8;16772273
500;8;329219
500;8;64151
500;8;989
500;8;0
500;9;18843080
500;9;71694
500;9;0
500;9;18510998
500;9;332082
500;9;70694
500;9;1000
500;9;0
60;0;259412
60;0;8253
60;0;0
60;0;244956
60;0;14456
60;0;7883
60;0;370
60;0;0
60;1;263733
60;1;8294
60;1;0
60;1;248995
60;1;14738
60;1;7936
60;1;358
60;1;0
60;10;261123
60;10;7809
60;10;0
60;10;246435
60;10;14688
60;10;7454
60;10;355
60;10;0
60;11;259352
60;11;8198
60;11;0
60;11;244663
60;11;14689
60;11;7814
60;11;384
60;11;0
60;12;266390
60;12;8185
60;12;0
60;12;251969
60;12;14421
60;12;7865
60;12;320
60;12;0
60;13;241754
60;13;8362
60;13;0
60;13;227142
60;13;14612
60;13;8027
60;13;335
60;13;0
60;14;235635
60;14;7822
60;14;0
60;14;220552
60;14;15083
60;14;7424
60;14;398
60;14;0
60;15;257697
60;15;7726
60;15;0
60;15;243321
60;15;14376
60;15;7370
60;15;356
60;15;0
60;16;256817
60;16;8654
60;16;0
60;16;242264
60;16;14553
60;16;8302
60;16;352
60;16;0
60;17;218998
60;17;7573
60;17;0
60;17;204681
60;17;14317
60;17;7241
60;17;332
60;17;0
60;18;238927
60;18;8079
60;18;0
60;18;224317
60;18;14610
60;18;7725
60;18;354
60;18;0
60;19;262756
60;19;8128
60;19;0
60;19;248147
60;19;14609
60;19;7801
60;19;327
60;19;0
60;2;221980
60;2;7537
60;2;0
60;2;207822
60;2;14158
60;2;7174
60;2;363
60;2;0
60;20;242535
60;20;7927
60;20;0
60;20;228061
60;20;14474
60;20;7581
60;20;346
60;20;0
60;21;269820
60;21;8388
60;21;0
60;21;255074
60;21;14746
60;21;8007
60;21;381
60;21;0
60;22;243033
60;22;8439
60;22;0
60;22;228377
60;22;14656
60;22;8090
60;22;349
60;22;0
60;23;255525
60;23;7857
60;23;0
60;23;240950
60;23;14575
60;23;7503
60;23;354
60;23;0
60;24;237739
60;24;7757
60;24;0
60;24;223313
60;24;14426
60;24;7447
60;24;310
60;24;0
60;25;256617
60;25;8554
60;25;0
60;25;242124
60;25;14493
60;25;8154
60;25;400
60;25;0
60;26;215872
60;26;7360
60;26;0
60;26;201151
60;26;14721
60;26;6876
60;26;484
60;26;0
60;27;250345
60;27;8103
60;27;0
60;27;235561
60;27;14784
60;27;7769
60;27;334
60;27;0
60;28;242437
60;28;7860
60;28;0
60;28;227858
60;28;14579
60;28;7552
60;28;308
60;28;0
60;29;284384
60;29;9280
60;29;0
60;29;270007
60;29;14377
60;29;8939
60;29;341
60;29;0
60;3;242564
60;3;7580
60;3;0
60;3;228005
60;3;14559
60;3;7213
60;3;367
60;3;0
60;30;274776
60;30;8963
60;30;0
60;30;260053
60;30;14723
60;30;8601
60;30;362
60;30;0
60;31;257721
60;31;8395
60;31;0
60;31;243048
60;31;14673
60;31;8018
60;31;377
60;31;0
60;32;260756
60;32;8074
60;32;0
60;32;246014
60;32;14742
60;32;7648
60;32;426
60;32;0
60;33;264572
60;33;8578
60;33;0
60;33;250155
60;33;14417
60;33;8222
60;33;356
60;33;0
60;34;258466
60;34;8309
60;34;0
60;34;243834
60;34;14632
60;34;7937
60;34;372
60;34;0
60;35;255455
60;35;8026
60;35;0
60;35;241141
60;35;14314
60;35;7674
60;35;352
60;35;0
60;36;236690
60;36;7522
60;36;0
60;36;222377
60;36;14313
60;36;7133
60;36;389
60;36;0
60;37;235357
60;37;7541
60;37;0
60;37;220837
60;37;14520
60;37;7183
60;37;358
60;37;0
60;38;276542
60;38;9018
60;38;0
60;38;261823
60;38;14719
60;38;8657
60;38;361
60;38;0
60;39;269129
60;39;8602
60;39;0
60;39;254779
60;39;14350
60;39;8256
60;39;346
60;39;0
60;4;292908
60;4;8970
60;4;0
60;4;278514
60;4;14394
60;4;8621
60;4;349
60;4;0
60;5;232219
60;5;7747
60;5;0
60;5;217598
60;5;14621
60;5;7403
60;5;344
60;5;0
60;6;280773
60;6;8439
60;6;0
60;6;266422
60;6;14351
60;6;8082
60;6;357
60;6;0
60;7;232516
60;7;7505
60;7;0
60;7;217797
60;7;14719
60;7;7131
60;7;374
60;7;0
60;8;267311
60;8;8371
60;8;0
60;8;252672
60;8;14639
60;8;8026
60;8;345
60;8;0
60;9;232307
60;9;7494
60;9;0
60;9;217471
60;9;14836
60;9;7127
60;9;367
60;9;0
80;0;419383
80;0;10270
80;0;0
80;0;397042
80;0;22341
80;0;9880
80;0;390
80;0;0
80;1;416807
80;1;10215
80;1;0
80;1;394378
80;1;22429
80;1;9750
80;1;465
80;1;0
80;10;460792
80;10;10946
80;10;0
80;10;438543
80;10;22249
80;10;10528
80;10;418
80;10;0
80;11;430724
80;11;10349
80;11;0
80;11;409018
80;11;21706
80;11;9989
80;11;360
80;11;0
80;12;478918
80;12;11558
80;12;0
80;12;456576
80;12;22342
80;12;11184
80;12;374
80;12;0
80;13;393360
80;13;9598
80;13;0
80;13;371517
80;13;21843
80;13;9196
80;13;402
80;13;0
80;14;426128
80;14;10348
80;14;0
80;14;404245
80;14;21883
80;14;9943
80;14;405
80;14;0
80;15;440345
80;15;10361
80;15;0
80;15;418121
80;15;22224
80;15;9940
80;15;421
80;15;0
80;16;402669
80;16;10115
80;16;0
80;16;379927
80;16;22742
80;16;9689
80;16;426
80;16;0
80;17;490779
80;17;12031
80;17;0
80;17;468316
80;17;22463
80;17;11566
80;17;465
80;17;0
80;18;380427
80;18;9399
80;18;0
80;18;358318
80;18;22109
80;18;9003
80;18;396
80;18;0
80;19;418731
80;19;10419
80;19;0
80;19;396696
80;19;22035
80;19;10049
80;19;370
80;19;0
80;2;403640
80;2;10463
80;2;0
80;2;381794
80;2;21846
80;2;10020
80;2;443
80;2;0
80;20;506353
80;20;12223
80;20;0
80;20;484175
80;20;22178
80;20;11747
80;20;476
80;20;0
80;21;491902
80;21;11135
80;21;0
80;21;469681
80;21;22221
80;21;10663
80;21;472
80;21;0
80;22;405276
80;22;10456
80;22;0
80;22;382776
80;22;22500
80;22;10031
80;22;425
80;22;0
80;23;421357
80;23;10598
80;23;0
80;23;399228
80;23;22129
80;23;10199
80;23;399
80;23;0
80;24;420186
80;24;10975
80;24;0
80;24;397969
80;24;22217
80;24;10609
80;24;366
80;24;0
80;25;414508
80;25;10244
80;25;0
80;25;392403
80;25;22105
80;25;9880
80;25;364
80;25;0
80;26;429695
80;26;10883
80;26;0
80;26;407566
80;26;22129
80;26;10456
80;26;427
80;26;0
80;27;414020
80;27;10305
80;27;0
80;27;391862
80;27;22158
80;27;9914
80;27;391
80;27;0
80;28;512193
80;28;11597
80;28;0
80;28;489889
80;28;22304
80;28;11182
80;28;415
80;28;0
80;29;481347
80;29;11560
80;29;0
80;29;459645
80;29;21702
80;29;11207
80;29;353
80;29;0
80;3;531964
80;3;13097
80;3;0
80;3;509644
80;3;22320
80;3;12745
80;3;352
80;3;0
80;30;428717
80;30;10704
80;30;0
80;30;406553
80;30;22164
80;30;10272
80;30;432
80;30;0
80;31;416321
80;31;10151
80;31;0
80;31;394339
80;31;21982
80;31;9713
80;31;438
80;31;0
80;32;441000
80;32;10684
80;32;0
80;32;418602
80;32;22398
80;32;10253
80;32;431
80;32;0
80;33;408201
80;33;9849
80;33;0
80;33;385871
80;33;22330
80;33;9442
80;33;407
80;33;0
80;34;441051
80;34;11033
80;34;0
80;34;418754
80;34;22297
80;34;10646
80;34;387
80;34;0
80;35;453494
80;35;10674
80;35;0
80;35;431406
80;35;22088
80;35;10240
80;35;434
80;35;0
80;36;463549
80;36;11126
80;36;0
80;36;441861
80;36;21688
80;36;10739
80;36;387
80;36;0
80;37;442862
80;37;10726
80;37;0
80;37;420595
80;37;22267
80;37;10214
80;37;512
80;37;0
80;38;521131
80;38;11973
80;38;0
80;38;499008
80;38;22123
80;38;11543
80;38;430
80;38;0
80;39;412213
80;39;9950
80;39;0
80;39;390103
80;39;22110
80;39;9578
80;39;372
80;39;0
80;4;453206
80;4;11117
80;4;0
80;4;431278
80;4;21928
80;4;10716
80;4;401
80;4;0
80;5;430210
80;5;10254
80;5;0
80;5;407790
80;5;22420
80;5;9848
80;5;406
80;5;0
80;6;420854
80;6;9851
80;6;0
80;6;398688
80;6;22166
80;6;9460
80;6;391
80;6;0
80;7;472799
80;7;11146
80;7;0
80;7;450706
80;7;22093
80;7;10751
80;7;395
80;7;0
80;8;454725
80;8;11232
80;8;0
80;8;432368
80;8;22357
80;8;10852
80;8;380
80;8;0
80;9;425204
80;9;11029
80;9;0
80;9;403047
80;9;22157
80;9;10518
80;9;511
80;9;0
